Timestamp,roll,pitch,heading,rollRate,pitchRate,yawRate,groundSpeed,airSpeed,airSpeedSetpoint,climbRate,altitudeRelative,altitudeAMSL,altitudeTuning,altitudeTuningSetpoint,xTrackError,flightDistance,flightTime,distanceToHome,missionItemIndex,headingToNextWP,headingToHome,distanceToGCS,throttlePct,hobbs,apmSubInfo.cameraTilt,apmSubInfo.tetherTurns,apmSubInfo.lights1,apmSubInfo.lights2,apmSubInfo.pilotGain,apmSubInfo.inputHold,apmSubInfo.rollPitchToggle,apmSubInfo.rangefinderDistance,clock.currentTime,clock.currentDate,distanceSensor.rotationNone,distanceSensor.rotationYaw45,distanceSensor.rotationYaw90,distanceSensor.rotationYaw135,distanceSensor.rotationYaw180,distanceSensor.rotationYaw225,distanceSensor.rotationYaw270,distanceSensor.rotationYaw315,distanceSensor.rotationPitch90,distanceSensor.rotationPitch270,distanceSensor.minDistance,distanceSensor.maxDistance,escStatus.index,escStatus.rpm1,escStatus.rpm2,escStatus.rpm3,escStatus.rpm4,escStatus.current1,escStatus.current2,escStatus.current3,escStatus.current4,escStatus.voltage1,escStatus.voltage2,escStatus.voltage3,escStatus.voltage4,estimatorStatus.goodAttitudeEsimate,estimatorStatus.goodHorizVelEstimate,estimatorStatus.goodVertVelEstimate,estimatorStatus.goodHorizPosRelEstimate,estimatorStatus.goodHorizPosAbsEstimate,estimatorStatus.goodVertPosAbsEstimate,estimatorStatus.goodVertPosAGLEstimate,estimatorStatus.goodConstPosModeEstimate,estimatorStatus.goodPredHorizPosRelEstimate,estimatorStatus.goodPredHorizPosAbsEstimate,estimatorStatus.gpsGlitch,estimatorStatus.accelError,estimatorStatus.velRatio,estimatorStatus.horizPosRatio,estimatorStatus.vertPosRatio,estimatorStatus.magRatio,estimatorStatus.haglRatio,estimatorStatus.tasRatio,estimatorStatus.horizPosAccuracy,estimatorStatus.vertPosAccuracy,gps.lat,gps.lon,gps.mgrs,gps.hdop,gps.vdop,gps.courseOverGround,gps.lock,gps.count,gps2.lat,gps2.lon,gps2.mgrs,gps2.hdop,gps2.vdop,gps2.courseOverGround,gps2.lock,gps2.count,hygrometer.temperature,hygrometer.humidity,hygrometer.hygrometerid,localPosition.x,localPosition.y,localPosition.z,localPosition.vx,localPosition.vy,localPosition.vz,localPositionSetpoint.x,localPositionSetpoint.y,localPositionSetpoint.z,localPositionSetpoint.vx,localPositionSetpoint.vy,localPositionSetpoint.vz,setpoint.roll,setpoint.pitch,setpoint.yaw,setpoint.rollRate,setpoint.pitchRate,setpoint.yawRate,temperature.temperature1,temperature.temperature2,temperature.temperature3,terrain.blocksPending,terrain.blocksLoaded,vibration.xAxis,vibration.yAxis,vibration.zAxis,vibration.clipCount1,vibration.clipCount2,vibration.clipCount3,wind.direction,wind.speed,wind.verticalSpeed
2023-08-26 08:18:11.219,0.0,0.0,0,0.0,0.0,0.0,0.0,0.0,0.000,0.0,0.0,0.0,0.000,0.000,0.000,0.0,00:00:00,0.0,0,0,0,0.0,0,0000:00:00,0,0,0,50,100,0,0,0.00,08:18:11,8/26/23,--.--,--.--,--.--,--.--,--.--,--.--,--.--,--.--,--.--,4.24,--.--,120.00,0,0.000,0.000,0.000,0.000,0.000,0.000,0.000,0.000,0.000,0.000,0.000,0.000,false,false,false,false,false,false,false,false,false,false,false,false,--.--,--.--,--.--,--.--,--.--,--.--,--.--,--.--,--.--,--.--,,--.--,--.--,--.--,0,0,--.--,--.--,,--.--,--.--,--.--,0,0,--.--,--.--,0,--.--,--.--,--.--,--.--,--.--,--.--,--.--,--.--,--.--,--.--,--.--,--.--,--.--,--.--,--.--,--.--,--.--,--.--,--.--,--.--,--.--,0,0,--.--,--.--,--.--,0,0,0,--.--,--.--,--.--
2023-08-26 08:18:12.177,0.0,0.0,0,0.0,0.0,0.0,0.0,0.0,0.000,0.0,0.0,0.0,0.000,0.000,0.000,0.0,00:00:00,0.0,0,0,0,0.0,0,0000:00:00,0,0,0,50,100,0,0,0.00,08:18:12,8/26/23,--.--,--.--,--.--,--.--,--.--,--.--,--.--,--.--,--.--,3.97,--.--,120.00,0,0.000,0.000,0.000,0.000,0.000,0.000,0.000,0.000,0.000,0.000,0.000,0.000,false,false,false,false,false,false,false,false,false,false,false,false,--.--,--.--,--.--,--.--,--.--,--.--,--.--,--.--,--.--,--.--,,--.--,--.--,--.--,0,0,--.--,--.--,,--.--,--.--,--.--,0,0,--.--,--.--,0,--.--,--.--,--.--,--.--,--.--,--.--,--.--,--.--,--.--,--.--,--.--,--.--,--.--,--.--,--.--,--.--,--.--,--.--,--.--,--.--,--.--,0,0,--.--,--.--,--.--,0,0,0,--.--,--.--,--.--
2023-08-26 08:18:13.119,14.2,3.4,114,0.0,0.0,0.0,0.0,0.0,0.000,0.0,0.0,0.0,0.000,0.000,0.000,0.0,00:00:00,0.0,0,0,0,0.0,0,0000:00:00,0,0,0,50,100,0,0,0.00,08:18:13,8/26/23,--.--,--.--,--.--,--.--,--.--,--.--,--.--,--.--,--.--,3.92,--.--,120.00,0,0.000,0.000,0.000,0.000,0.000,0.000,0.000,0.000,0.000,0.000,0.000,0.000,false,false,false,false,false,false,false,false,false,false,false,false,--.--,--.--,--.--,--.--,--.--,--.--,--.--,--.--,--.--,--.--,,--.--,--.--,--.--,0,0,--.--,--.--,,--.--,--.--,--.--,0,0,--.--,--.--,0,--.--,--.--,--.--,--.--,--.--,--.--,--.--,--.--,--.--,--.--,--.--,--.--,--.--,--.--,--.--,--.--,--.--,--.--,--.--,--.--,--.--,0,0,--.--,--.--,--.--,0,0,0,--.--,--.--,--.--
2023-08-26 08:18:14.069,-2.1,-0.4,359,0.0,0.0,0.0,0.0,0.0,0.000,-0.1,-0.1,0.0,0.000,0.000,0.000,0.0,00:00:00,0.0,0,0,0,0.0,0,0000:00:00,0,0,0,50,100,0,0,0.00,08:18:14,8/26/23,--.--,--.--,--.--,--.--,--.--,--.--,--.--,--.--,--.--,3.43,--.--,120.00,0,0.000,0.000,0.000,0.000,0.000,0.000,0.000,0.000,0.000,0.000,0.000,0.000,false,false,false,false,false,false,false,false,false,false,false,false,--.--,--.--,--.--,--.--,--.--,--.--,--.--,--.--,--.--,--.--,,--.--,--.--,--.--,0,0,--.--,--.--,,--.--,--.--,--.--,0,0,--.--,--.--,0,--.--,--.--,--.--,--.--,--.--,--.--,--.--,--.--,--.--,--.--,--.--,--.--,--.--,--.--,--.--,--.--,--.--,--.--,--.--,--.--,--.--,0,0,--.--,--.--,--.--,0,0,0,--.--,--.--,--.--
2023-08-26 08:18:15.060,-1.9,-0.2,359,0.0,0.0,0.0,0.1,0.0,0.000,-0.0,-0.1,0.0,0.000,0.000,0.000,0.0,00:00:00,0.0,0,--.--,0,0.0,0,0000:00:00,18,0,0,50,50,0,0,4.13,0,0,0,17.07,-11.19,-9,--.--,100,--.--,--:--:--,1,-190.96,08:18:15,8/26/23,--.--,--.--,--.--,--.--,--.--,--.--,--.--,--.--,--.--,4.38,--.--,120.00,0,0.000,0.000,0.000,0.000,0.000,0.000,0.000,0.000,0.000,0.000,0.000,0.000,false,false,false,false,false,false,false,false,false,false,false,false,--.--,--.--,--.--,--.--,--.--,--.--,--.--,--.--,0.0000000,0.0000000,31NAA 66021 00000,--.--,--.--,0.0,0,0,--.--,--.--,,--.--,--.--,--.--,0,0,--.--,--.--,0,--.--,--.--,--.--,--.--,--.--,--.--,--.--,--.--,--.--,--.--,--.--,--.--,--.--,--.--,--.--,--.--,--.--,--.--,46.76,18.09,--.--,0,0,0.0,0.0,0.0,0,0,0,--.--,--.--,--.--
2023-08-26 08:18:16.060,-1.5,-0.1,256,0.0,0.0,0.0,0.1,0.0,0.000,0.0,-0.1,0.0,0.000,0.000,0.000,0.0,00:00:00,0.0,0,--.--,0,0.0,0,0000:00:00,18,0,0,50,50,0,0,4.13,0,0,0,17.07,-11.19,-9,--.--,100,--.--,--:--:--,1,-190.96,08:18:16,8/26/23,--.--,--.--,--.--,--.--,--.--,--.--,--.--,--.--,--.--,4.88,--.--,120.00,0,0.000,0.000,0.000,0.000,0.000,0.000,0.000,0.000,0.000,0.000,0.000,0.000,false,false,false,false,false,false,false,false,false,false,false,false,--.--,--.--,--.--,--.--,--.--,--.--,--.--,--.--,0.0000000,0.0000000,31NAA 66021 00000,--.--,--.--,0.0,0,0,--.--,--.--,,--.--,--.--,--.--,0,0,--.--,--.--,0,--.--,--.--,--.--,--.--,--.--,--.--,--.--,--.--,--.--,--.--,--.--,--.--,--.--,--.--,--.--,--.--,--.--,--.--,46.76,18.09,--.--,0,0,0.0,0.0,0.0,0,0,0,--.--,--.--,--.--
2023-08-26 08:18:17.046,-1.8,-0.3,256,0.0,0.0,0.0,0.2,0.0,0.000,0.0,-0.1,0.0,0.000,-0.068,0.000,0.0,00:00:00,0.0,0,--.--,0,0.0,0,0000:00:00,18,0,0,50,50,0,0,4.92,0,0,0,17.07,-11.23,-13,--.--,100,--.--,--:--:--,1,-191.64,08:18:17,8/26/23,--.--,--.--,--.--,--.--,--.--,--.--,--.--,--.--,--.--,1.58,--.--,120.00,0,0.000,0.000,0.000,0.000,0.000,0.000,0.000,0.000,0.000,0.000,0.000,0.000,false,false,false,false,false,false,false,false,false,false,false,false,--.--,--.--,--.--,--.--,--.--,--.--,--.--,--.--,0.0000000,0.0000000,31NAA 66021 00000,--.--,--.--,0.0,0,0,--.--,--.--,,--.--,--.--,--.--,0,0,--.--,--.--,0,--.--,--.--,--.--,--.--,--.--,--.--,--.--,--.--,--.--,--.--,--.--,--.--,--.--,--.--,--.--,--.--,--.--,--.--,46.77,18.09,--.--,0,0,0.0,0.0,0.0,0,0,0,--.--,--.--,--.--
2023-08-26 08:18:18.070,-2.3,-0.5,256,0.0,0.0,0.0,0.0,0.0,0.000,0.0,-0.1,0.0,0.000,-0.068,0.000,0.0,00:00:00,0.0,0,--.--,0,0.0,0,0000:00:00,18,0,0,50,50,0,0,0.00,0,0,0,17.08,-11.18,-17,--.--,100,--.--,--:--:--,1,-190.91,08:18:18,8/26/23,--.--,--.--,--.--,--.--,--.--,--.--,--.--,--.--,--.--,2.23,--.--,120.00,0,0.000,0.000,0.000,0.000,0.000,0.000,0.000,0.000,0.000,0.000,0.000,0.000,false,false,false,false,false,false,false,false,false,false,false,false,--.--,--.--,--.--,--.--,--.--,--.--,--.--,--.--,0.0000000,0.0000000,31NAA 66021 00000,--.--,--.--,0.0,0,0,--.--,--.--,,--.--,--.--,--.--,0,0,--.--,--.--,0,--.--,--.--,--.--,--.--,--.--,--.--,--.--,--.--,--.--,--.--,--.--,--.--,--.--,--.--,--.--,--.--,--.--,--.--,46.77,18.09,--.--,0,0,0.0,0.0,0.0,0,0,0,--.--,--.--,--.--
2023-08-26 08:18:19.043,-2.5,-0.5,256,0.0,0.0,0.0,0.0,0.0,0.000,0.0,-0.1,0.0,0.000,-0.073,0.000,0.0,00:00:00,0.0,0,--.--,0,0.0,0,0000:00:00,18,0,0,50,50,0,0,0.00,0,0,0,17.07,-11.18,-22,--.--,100,--.--,--:--:--,1,-190.84,08:18:19,8/26/23,--.--,--.--,--.--,--.--,--.--,--.--,--.--,--.--,--.--,2.97,--.--,120.00,0,0.000,0.000,0.000,0.000,0.000,0.000,0.000,0.000,0.000,0.000,0.000,0.000,false,false,false,false,false,false,false,false,false,false,false,false,--.--,--.--,--.--,--.--,--.--,--.--,--.--,--.--,0.0000000,0.0000000,31NAA 66021 00000,--.--,--.--,0.0,0,0,--.--,--.--,,--.--,--.--,--.--,0,0,--.--,--.--,0,--.--,--.--,--.--,--.--,--.--,--.--,--.--,--.--,--.--,--.--,--.--,--.--,--.--,--.--,--.--,--.--,--.--,--.--,46.77,18.09,--.--,0,0,0.0,0.0,0.0,0,0,0,--.--,--.--,--.--
2023-08-26 08:18:20.046,-2.6,-0.5,256,0.0,0.0,0.0,0.0,0.0,0.000,0.0,-0.1,0.0,0.000,-0.073,0.000,0.0,00:00:00,0.0,0,--.--,0,0.0,0,0000:00:00,18,0,0,50,50,0,0,0.00,0,0,0,17.07,-11.18,-22,--.--,100,--.--,--:--:--,1,-190.84,08:18:20,8/26/23,--.--,--.--,--.--,--.--,--.--,--.--,--.--,--.--,--.--,3.61,--.--,120.00,0,0.000,0.000,0.000,0.000,0.000,0.000,0.000,0.000,0.000,0.000,0.000,0.000,false,false,false,false,false,false,false,false,false,false,false,false,--.--,--.--,--.--,--.--,--.--,--.--,--.--,--.--,0.0000000,0.0000000,31NAA 66021 00000,--.--,--.--,0.0,0,0,--.--,--.--,,--.--,--.--,--.--,0,0,--.--,--.--,0,--.--,--.--,--.--,--.--,--.--,--.--,--.--,--.--,--.--,--.--,--.--,--.--,--.--,--.--,--.--,--.--,--.--,--.--,46.77,18.09,--.--,0,0,0.0,0.0,0.0,0,0,0,--.--,--.--,--.--
2023-08-26 08:18:21.043,-2.6,-0.5,256,0.0,0.0,0.0,0.0,0.0,0.000,0.0,-0.1,0.0,0.000,-0.074,0.000,0.0,00:00:00,0.0,0,--.--,0,0.0,50,0000:00:00,18,0,0,50,50,0,0,0.00,0,0,0,17.08,-11.16,-26,--.--,100,--.--,--:--:--,1,-190.58,08:18:21,8/26/23,--.--,--.--,--.--,--.--,--.--,--.--,--.--,--.--,--.--,4.70,--.--,120.00,0,0.000,0.000,0.000,0.000,0.000,0.000,0.000,0.000,0.000,0.000,0.000,0.000,false,false,false,false,false,false,false,false,false,false,false,false,--.--,--.--,--.--,--.--,--.--,--.--,--.--,--.--,0.0000000,0.0000000,31NAA 66021 00000,--.--,--.--,0.0,0,0,--.--,--.--,,--.--,--.--,--.--,0,0,--.--,--.--,0,--.--,--.--,--.--,--.--,--.--,--.--,--.--,--.--,--.--,--.--,--.--,--.--,--.--,--.--,--.--,--.--,--.--,--.--,46.78,18.10,--.--,0,0,0.0,0.0,0.0,0,0,0,--.--,--.--,--.--
2023-08-26 08:18:22.052,-2.6,-0.5,256,0.0,0.0,0.0,0.0,0.0,0.000,0.0,-0.1,0.0,0.000,-0.074,0.000,0.0,00:00:00,0.0,0,--.--,0,0.0,50,0000:00:00,18,0,0,50,50,0,0,0.00,0,0,0,17.08,-11.16,-30,--.--,100,--.--,--:--:--,1,-190.57,08:18:22,8/26/23,--.--,--.--,--.--,--.--,--.--,--.--,--.--,--.--,--.--,5.53,--.--,120.00,0,0.000,0.000,0.000,0.000,0.000,0.000,0.000,0.000,0.000,0.000,0.000,0.000,false,false,false,false,false,false,false,false,false,false,false,false,--.--,--.--,--.--,--.--,--.--,--.--,--.--,--.--,0.0000000,0.0000000,31NAA 66021 00000,--.--,--.--,0.0,0,0,--.--,--.--,,--.--,--.--,--.--,0,0,--.--,--.--,0,--.--,--.--,--.--,--.--,--.--,--.--,--.--,--.--,--.--,--.--,--.--,--.--,--.--,--.--,--.--,--.--,--.--,--.--,46.78,18.10,--.--,0,0,0.0,0.0,0.0,0,0,0,--.--,--.--,--.--
2023-08-26 08:18:23.063,-2.6,-0.5,256,0.0,0.0,0.0,0.0,0.0,0.000,0.0,-0.1,0.0,0.000,-0.074,0.000,0.0,00:00:01,0.0,0,--.--,0,0.0,50,0000:00:00,18,0,0,50,50,0,0,6.70,0,0,0,17.07,-11.19,-34,--.--,100,--.--,--:--:--,1,-190.98,08:18:23,8/26/23,--.--,--.--,--.--,--.--,--.--,--.--,--.--,--.--,--.--,7.54,--.--,120.00,0,0.000,0.000,0.000,0.000,0.000,0.000,0.000,0.000,0.000,0.000,0.000,0.000,false,false,false,false,false,false,false,false,false,false,false,false,--.--,--.--,--.--,--.--,--.--,--.--,--.--,--.--,0.0000000,0.0000000,31NAA 66021 00000,--.--,--.--,0.0,0,0,--.--,--.--,,--.--,--.--,--.--,0,0,--.--,--.--,0,--.--,--.--,--.--,--.--,--.--,--.--,--.--,--.--,--.--,--.--,--.--,--.--,--.--,--.--,--.--,--.--,--.--,--.--,46.78,18.10,--.--,0,0,0.0,0.0,0.0,0,0,0,--.--,--.--,--.--
2023-08-26 08:18:24.070,-2.6,-0.5,256,0.0,0.0,0.0,0.1,0.0,0.000,0.0,-0.1,0.0,0.000,-0.074,0.000,0.0,00:00:02,0.0,0,--.--,0,0.0,50,0000:00:00,18,0,0,50,50,0,0,6.70,0,0,0,17.07,-11.19,-34,--.--,100,--.--,--:--:--,1,-190.98,08:18:24,8/26/23,--.--,--.--,--.--,--.--,--.--,--.--,--.--,--.--,--.--,9.31,--.--,120.00,0,0.000,0.000,0.000,0.000,0.000,0.000,0.000,0.000,0.000,0.000,0.000,0.000,false,false,false,false,false,false,false,false,false,false,false,false,--.--,--.--,--.--,--.--,--.--,--.--,--.--,--.--,0.0000000,0.0000000,31NAA 66021 00000,--.--,--.--,0.0,0,0,--.--,--.--,,--.--,--.--,--.--,0,0,--.--,--.--,0,--.--,--.--,--.--,--.--,--.--,--.--,--.--,--.--,--.--,--.--,--.--,--.--,--.--,--.--,--.--,--.--,--.--,--.--,46.78,18.10,--.--,0,0,0.0,0.0,0.0,0,0,0,--.--,--.--,--.--
2023-08-26 08:18:25.051,-2.6,-0.5,256,0.0,0.0,0.0,0.1,0.0,0.000,-0.0,-0.1,0.0,0.000,-0.075,0.000,0.0,00:00:03,0.0,0,--.--,0,0.0,49,0000:00:00,18,0,0,50,50,0,0,9.61,0,0,0,17.08,-11.18,-38,--.--,100,--.--,--:--:--,1,-190.97,08:18:25,8/26/23,--.--,--.--,--.--,--.--,--.--,--.--,--.--,--.--,--.--,12.30,--.--,120.00,0,0.000,0.000,0.000,0.000,0.000,0.000,0.000,0.000,0.000,0.000,0.000,0.000,false,false,false,false,false,false,false,false,false,false,false,false,--.--,--.--,--.--,--.--,--.--,--.--,--.--,--.--,0.0000000,0.0000000,31NAA 66021 00000,--.--,--.--,0.0,0,0,--.--,--.--,,--.--,--.--,--.--,0,0,--.--,--.--,0,--.--,--.--,--.--,--.--,--.--,--.--,--.--,--.--,--.--,--.--,--.--,--.--,--.--,--.--,--.--,--.--,--.--,--.--,46.78,18.10,--.--,0,0,0.0,0.0,0.0,0,0,0,--.--,--.--,--.--
2023-08-26 08:18:26.052,-2.6,-0.5,256,0.0,0.0,0.0,0.0,0.0,0.000,0.0,-0.1,0.0,0.000,-0.075,0.000,0.0,00:00:04,0.0,0,--.--,0,0.0,41,0000:00:00,18,0,0,50,50,0,0,0.00,0,0,0,17.09,-11.20,-42,--.--,100,--.--,--:--:--,1,-191.39,08:18:26,8/26/23,--.--,--.--,--.--,--.--,--.--,--.--,--.--,--.--,--.--,16.41,--.--,120.00,0,0.000,0.000,0.000,0.000,0.000,0.000,0.000,0.000,0.000,0.000,0.000,0.000,false,false,false,false,false,false,false,false,false,false,false,false,--.--,--.--,--.--,--.--,--.--,--.--,--.--,--.--,0.0000000,0.0000000,31NAA 66021 00000,--.--,--.--,0.0,0,0,--.--,--.--,,--.--,--.--,--.--,0,0,--.--,--.--,0,--.--,--.--,--.--,--.--,--.--,--.--,--.--,--.--,--.--,--.--,--.--,--.--,--.--,--.--,--.--,--.--,--.--,--.--,46.78,18.10,--.--,0,0,0.1,0.1,0.1,0,0,0,--.--,--.--,--.--
2023-08-26 08:18:27.043,-2.6,-0.5,256,0.0,0.0,0.0,0.0,0.0,0.000,0.0,-0.1,0.0,0.000,-0.070,0.000,0.0,00:00:05,0.0,0,--.--,0,0.0,41,0000:00:00,18,0,0,50,50,0,0,18.09,0,0,0,17.04,-9.69,-46,--.--,100,--.--,--:--:--,1,-165.09,08:18:27,8/26/23,--.--,--.--,--.--,--.--,--.--,--.--,--.--,--.--,--.--,18.26,--.--,120.00,0,0.000,0.000,0.000,0.000,0.000,0.000,0.000,0.000,0.000,0.000,0.000,0.000,false,false,false,false,false,false,false,false,false,false,false,false,--.--,--.--,--.--,--.--,--.--,--.--,--.--,--.--,0.0000000,0.0000000,31NAA 66021 00000,--.--,--.--,0.0,0,0,--.--,--.--,,--.--,--.--,--.--,0,0,--.--,--.--,0,--.--,--.--,--.--,--.--,--.--,--.--,--.--,--.--,--.--,--.--,--.--,--.--,--.--,--.--,--.--,--.--,--.--,--.--,46.80,18.10,--.--,0,0,0.1,0.1,0.1,0,0,0,--.--,--.--,--.--
2023-08-26 08:18:28.046,-2.7,-0.4,255,0.0,0.0,0.0,0.0,0.0,0.000,0.0,-0.1,0.0,0.000,-0.070,0.000,0.0,00:00:06,0.0,0,--.--,0,0.0,59,0000:00:00,18,0,0,50,50,0,0,18.09,0,0,0,17.04,-9.69,-46,--.--,100,--.--,--:--:--,1,-165.09,08:18:28,8/26/23,--.--,--.--,--.--,--.--,--.--,--.--,--.--,--.--,--.--,22.94,--.--,120.00,0,0.000,0.000,0.000,0.000,0.000,0.000,0.000,0.000,0.000,0.000,0.000,0.000,false,false,false,false,false,false,false,false,false,false,false,false,--.--,--.--,--.--,--.--,--.--,--.--,--.--,--.--,0.0000000,0.0000000,31NAA 66021 00000,--.--,--.--,0.0,0,0,--.--,--.--,,--.--,--.--,--.--,0,0,--.--,--.--,0,--.--,--.--,--.--,--.--,--.--,--.--,--.--,--.--,--.--,--.--,--.--,--.--,--.--,--.--,--.--,--.--,--.--,--.--,46.80,18.10,--.--,0,0,0.1,0.1,0.1,0,0,0,--.--,--.--,--.--
2023-08-26 08:18:29.068,-2.5,-0.1,255,0.0,0.0,0.0,0.0,0.0,0.000,-0.0,-0.1,0.0,0.000,-0.076,0.000,0.0,00:00:07,0.0,0,--.--,0,0.0,59,0000:00:00,18,0,0,50,50,0,0,23.03,0,0,0,17.03,-11.18,-50,--.--,100,--.--,--:--:--,1,-190.43,08:18:29,8/26/23,--.--,--.--,--.--,--.--,--.--,--.--,--.--,--.--,--.--,21.44,--.--,120.00,0,0.000,0.000,0.000,0.000,0.000,0.000,0.000,0.000,0.000,0.000,0.000,0.000,false,false,false,false,false,false,false,false,false,false,false,false,--.--,--.--,--.--,--.--,--.--,--.--,--.--,--.--,0.0000000,0.0000000,31NAA 66021 00000,--.--,--.--,0.0,0,0,--.--,--.--,,--.--,--.--,--.--,0,0,--.--,--.--,0,--.--,--.--,--.--,--.--,--.--,--.--,--.--,--.--,--.--,--.--,--.--,--.--,--.--,--.--,--.--,--.--,--.--,--.--,46.80,18.10,--.--,0,0,0.3,0.4,0.3,0,0,0,--.--,--.--,--.--
2023-08-26 08:18:30.062,-2.5,-0.5,255,0.0,0.0,0.0,0.0,0.0,0.000,-0.0,-0.1,0.0,0.000,-0.076,0.000,0.0,00:00:08,0.0,0,--.--,0,0.0,39,0000:00:00,18,0,0,50,50,0,0,21.39,0,0,0,17.08,-11.21,-54,--.--,100,--.--,--:--:--,1,-191.50,08:18:30,8/26/23,--.--,--.--,--.--,--.--,--.--,--.--,--.--,--.--,--.--,21.66,--.--,120.00,0,0.000,0.000,0.000,0.000,0.000,0.000,0.000,0.000,0.000,0.000,0.000,0.000,false,false,false,false,false,false,false,false,false,false,false,false,--.--,--.--,--.--,--.--,--.--,--.--,--.--,--.--,0.0000000,0.0000000,31NAA 66021 00000,--.--,--.--,0.0,0,0,--.--,--.--,,--.--,--.--,--.--,0,0,--.--,--.--,0,--.--,--.--,--.--,--.--,--.--,--.--,--.--,--.--,--.--,--.--,--.--,--.--,--.--,--.--,--.--,--.--,--.--,--.--,46.80,18.10,--.--,0,0,0.2,0.1,0.2,0,0,0,--.--,--.--,--.--
2023-08-26 08:18:31.056,-2.5,-0.5,256,0.0,0.0,0.0,0.0,0.0,0.000,0.0,-0.1,0.0,0.000,-0.065,0.000,0.0,00:00:09,0.0,0,--.--,0,0.0,39,0000:00:00,18,0,0,50,50,0,0,29.24,0,0,0,17.00,-9.30,-58,--.--,100,--.--,--:--:--,1,-158.14,08:18:31,8/26/23,--.--,--.--,--.--,--.--,--.--,--.--,--.--,--.--,--.--,30.03,--.--,120.00,0,0.000,0.000,0.000,0.000,0.000,0.000,0.000,0.000,0.000,0.000,0.000,0.000,false,false,false,false,false,false,false,false,false,false,false,false,--.--,--.--,--.--,--.--,--.--,--.--,--.--,--.--,0.0000000,0.0000000,31NAA 66021 00000,--.--,--.--,0.0,0,0,--.--,--.--,,--.--,--.--,--.--,0,0,--.--,--.--,0,--.--,--.--,--.--,--.--,--.--,--.--,--.--,--.--,--.--,--.--,--.--,--.--,--.--,--.--,--.--,--.--,--.--,--.--,46.81,18.09,--.--,0,0,0.2,0.3,0.2,0,0,0,--.--,--.--,--.--
2023-08-26 08:18:32.064,-2.5,-0.5,256,0.0,0.0,0.0,0.0,0.0,0.000,0.0,-0.1,0.0,0.000,-0.065,0.000,0.0,00:00:10,0.0,0,--.--,0,0.0,49,0000:00:00,18,0,0,50,50,0,0,29.24,0,0,0,17.00,-9.30,-58,--.--,100,--.--,--:--:--,1,-158.14,08:18:32,8/26/23,--.--,--.--,--.--,--.--,--.--,--.--,--.--,--.--,--.--,18.53,--.--,120.00,0,0.000,0.000,0.000,0.000,0.000,0.000,0.000,0.000,0.000,0.000,0.000,0.000,false,false,false,false,false,false,false,false,false,false,false,false,--.--,--.--,--.--,--.--,--.--,--.--,--.--,--.--,0.0000000,0.0000000,31NAA 66021 00000,--.--,--.--,0.0,0,0,--.--,--.--,,--.--,--.--,--.--,0,0,--.--,--.--,0,--.--,--.--,--.--,--.--,--.--,--.--,--.--,--.--,--.--,--.--,--.--,--.--,--.--,--.--,--.--,--.--,--.--,--.--,46.81,18.09,--.--,0,0,0.2,0.3,0.2,0,0,0,--.--,--.--,--.--
2023-08-26 08:18:33.043,-2.7,-0.4,256,0.0,0.0,0.0,0.1,0.0,0.000,0.0,-0.1,0.0,0.000,-0.075,0.000,0.0,00:00:11,0.0,0,--.--,0,0.0,49,0000:00:00,18,0,0,50,50,0,0,28.51,0,0,0,17.00,-11.18,-61,--.--,100,--.--,--:--:--,1,-190.03,08:18:33,8/26/23,--.--,--.--,--.--,--.--,--.--,--.--,--.--,--.--,--.--,1.00,--.--,120.00,0,0.000,0.000,0.000,0.000,0.000,0.000,0.000,0.000,0.000,0.000,0.000,0.000,false,false,false,false,false,false,false,false,false,false,false,false,--.--,--.--,--.--,--.--,--.--,--.--,--.--,--.--,0.0000000,0.0000000,31NAA 66021 00000,--.--,--.--,0.0,0,0,--.--,--.--,,--.--,--.--,--.--,0,0,--.--,--.--,0,--.--,--.--,--.--,--.--,--.--,--.--,--.--,--.--,--.--,--.--,--.--,--.--,--.--,--.--,--.--,--.--,--.--,--.--,46.83,18.08,--.--,0,0,0.0,0.0,0.0,0,0,0,--.--,--.--,--.--
2023-08-26 08:18:34.053,-2.7,-0.8,259,0.0,0.0,0.0,0.0,0.0,0.000,0.0,-0.1,0.0,0.000,-0.070,0.000,0.0,00:00:12,0.0,0,--.--,0,0.0,49,0000:00:00,18,0,0,50,50,0,0,0.00,0,0,0,16.98,-9.55,-66,--.--,100,--.--,--:--:--,1,-162.18,08:18:34,8/26/23,--.--,--.--,--.--,--.--,--.--,--.--,--.--,--.--,--.--,1.41,--.--,120.00,0,0.000,0.000,0.000,0.000,0.000,0.000,0.000,0.000,0.000,0.000,0.000,0.000,false,false,false,false,false,false,false,false,false,false,false,false,--.--,--.--,--.--,--.--,--.--,--.--,--.--,--.--,0.0000000,0.0000000,31NAA 66021 00000,--.--,--.--,0.0,0,0,--.--,--.--,,--.--,--.--,--.--,0,0,--.--,--.--,0,--.--,--.--,--.--,--.--,--.--,--.--,--.--,--.--,--.--,--.--,--.--,--.--,--.--,--.--,--.--,--.--,--.--,--.--,46.82,18.07,--.--,0,0,0.1,0.1,0.1,0,0,0,--.--,--.--,--.--
2023-08-26 08:18:35.051,-2.5,-1.0,261,0.0,0.0,0.0,0.0,0.0,0.000,-0.0,-0.1,0.0,0.000,-0.072,0.000,0.0,00:00:13,0.0,0,--.--,0,0.0,49,0000:00:00,18,0,0,50,50,0,0,0.00,0,0,0,17.06,-11.09,-69,--.--,100,--.--,--:--:--,1,-189.21,08:18:35,8/26/23,--.--,--.--,--.--,--.--,--.--,--.--,--.--,--.--,--.--,1.95,--.--,120.00,0,0.000,0.000,0.000,0.000,0.000,0.000,0.000,0.000,0.000,0.000,0.000,0.000,false,false,false,false,false,false,false,false,false,false,false,false,--.--,--.--,--.--,--.--,--.--,--.--,--.--,--.--,0.0000000,0.0000000,31NAA 66021 00000,--.--,--.--,0.0,0,0,--.--,--.--,,--.--,--.--,--.--,0,0,--.--,--.--,0,--.--,--.--,--.--,--.--,--.--,--.--,--.--,--.--,--.--,--.--,--.--,--.--,--.--,--.--,--.--,--.--,--.--,--.--,46.83,18.06,--.--,0,0,0.9,0.3,0.4,0,0,0,--.--,--.--,--.--
2023-08-26 08:18:36.046,-2.5,-0.8,262,0.0,0.0,0.0,0.0,0.0,0.000,-0.0,-0.1,0.0,0.000,-0.081,0.000,0.0,00:00:14,0.0,0,--.--,0,0.0,49,0000:00:00,18,0,0,50,50,0,0,0.00,0,0,0,17.00,-8.83,-71,--.--,100,--.--,--:--:--,1,-150.10,08:18:36,8/26/23,--.--,--.--,--.--,--.--,--.--,--.--,--.--,--.--,--.--,2.15,--.--,120.00,0,0.000,0.000,0.000,0.000,0.000,0.000,0.000,0.000,0.000,0.000,0.000,0.000,false,false,false,false,false,false,false,false,false,false,false,false,--.--,--.--,--.--,--.--,--.--,--.--,--.--,--.--,0.0000000,0.0000000,31NAA 66021 00000,--.--,--.--,0.0,0,0,--.--,--.--,,--.--,--.--,--.--,0,0,--.--,--.--,0,--.--,--.--,--.--,--.--,--.--,--.--,--.--,--.--,--.--,--.--,--.--,--.--,--.--,--.--,--.--,--.--,--.--,--.--,46.83,18.04,--.--,0,0,0.2,0.2,0.2,0,0,0,--.--,--.--,--.--
2023-08-26 08:18:37.047,-2.5,-0.5,264,0.0,0.0,0.0,0.1,0.0,0.000,-0.0,-0.1,0.0,0.000,-0.076,0.000,0.0,00:00:15,0.0,0,--.--,0,0.0,49,0000:00:00,18,0,0,50,50,0,0,0.00,0,0,0,17.00,-8.79,-73,--.--,100,--.--,--:--:--,1,-149.42,08:18:37,8/26/23,--.--,--.--,--.--,--.--,--.--,--.--,--.--,--.--,--.--,2.76,--.--,120.00,0,0.000,0.000,0.000,0.000,0.000,0.000,0.000,0.000,0.000,0.000,0.000,0.000,false,false,false,false,false,false,false,false,false,false,false,false,--.--,--.--,--.--,--.--,--.--,--.--,--.--,--.--,0.0000000,0.0000000,31NAA 66021 00000,--.--,--.--,0.0,0,0,--.--,--.--,,--.--,--.--,--.--,0,0,--.--,--.--,0,--.--,--.--,--.--,--.--,--.--,--.--,--.--,--.--,--.--,--.--,--.--,--.--,--.--,--.--,--.--,--.--,--.--,--.--,46.84,18.02,--.--,0,0,0.1,0.3,0.2,0,0,0,--.--,--.--,--.--
2023-08-26 08:18:38.045,-2.3,-0.4,266,0.0,0.0,0.0,0.0,0.0,0.000,0.0,-0.1,0.0,0.000,-0.068,0.000,0.0,00:00:16,0.0,0,--.--,0,0.0,49,0000:00:00,18,0,0,50,50,0,0,3.50,0,0,0,16.99,-8.85,-76,--.--,100,--.--,--:--:--,1,-150.36,08:18:38,8/26/23,--.--,--.--,--.--,--.--,--.--,--.--,--.--,--.--,--.--,3.56,--.--,120.00,0,0.000,0.000,0.000,0.000,0.000,0.000,0.000,0.000,0.000,0.000,0.000,0.000,false,false,false,false,false,false,false,false,false,false,false,false,--.--,--.--,--.--,--.--,--.--,--.--,--.--,--.--,0.0000000,0.0000000,31NAA 66021 00000,--.--,--.--,0.0,0,0,--.--,--.--,,--.--,--.--,--.--,0,0,--.--,--.--,0,--.--,--.--,--.--,--.--,--.--,--.--,--.--,--.--,--.--,--.--,--.--,--.--,--.--,--.--,--.--,--.--,--.--,--.--,46.85,18.02,--.--,0,0,0.2,0.2,0.2,0,0,0,--.--,--.--,--.--
2023-08-26 08:18:39.044,-2.3,-0.4,266,0.0,0.0,0.0,0.0,0.0,0.000,0.0,-0.1,0.0,0.000,-0.063,0.000,0.0,00:00:17,0.0,0,--.--,0,0.0,49,0000:00:00,18,0,0,50,50,0,0,0.00,0,0,0,17.00,-8.87,-79,--.--,100,--.--,--:--:--,1,-150.80,08:18:39,8/26/23,--.--,--.--,--.--,--.--,--.--,--.--,--.--,--.--,--.--,4.52,--.--,120.00,0,0.000,0.000,0.000,0.000,0.000,0.000,0.000,0.000,0.000,0.000,0.000,0.000,false,false,false,false,false,false,false,false,false,false,false,false,--.--,--.--,--.--,--.--,--.--,--.--,--.--,--.--,0.0000000,0.0000000,31NAA 66021 00000,--.--,--.--,0.0,0,0,--.--,--.--,,--.--,--.--,--.--,0,0,--.--,--.--,0,--.--,--.--,--.--,--.--,--.--,--.--,--.--,--.--,--.--,--.--,--.--,--.--,--.--,--.--,--.--,--.--,--.--,--.--,46.84,18.02,--.--,0,0,0.1,0.1,0.2,0,0,0,--.--,--.--,--.--
2023-08-26 08:18:40.044,-2.5,-0.7,265,0.0,0.0,0.0,0.1,0.0,0.000,-0.0,-0.1,0.0,0.000,-0.074,0.000,0.0,00:00:18,0.0,0,--.--,0,0.0,49,0000:00:00,18,0,0,50,50,0,0,0.00,0,0,0,17.05,-9.48,-82,--.--,100,--.--,--:--:--,1,-161.65,08:18:40,8/26/23,--.--,--.--,--.--,--.--,--.--,--.--,--.--,--.--,--.--,1.66,--.--,120.00,0,0.000,0.000,0.000,0.000,0.000,0.000,0.000,0.000,0.000,0.000,0.000,0.000,false,false,false,false,false,false,false,false,false,false,false,false,--.--,--.--,--.--,--.--,--.--,--.--,--.--,--.--,0.0000000,0.0000000,31NAA 66021 00000,--.--,--.--,0.0,0,0,--.--,--.--,,--.--,--.--,--.--,0,0,--.--,--.--,0,--.--,--.--,--.--,--.--,--.--,--.--,--.--,--.--,--.--,--.--,--.--,--.--,--.--,--.--,--.--,--.--,--.--,--.--,46.85,18.02,--.--,0,0,0.2,0.3,0.3,0,0,0,--.--,--.--,--.--
2023-08-26 08:18:41.048,-2.5,-0.7,266,0.0,0.0,0.0,0.0,0.0,0.000,-0.0,-0.1,0.0,0.000,-0.082,0.000,0.0,00:00:19,0.0,0,--.--,0,0.0,49,0000:00:00,18,0,0,50,50,0,0,0.00,0,0,0,17.02,-9.76,-84,--.--,100,--.--,--:--:--,1,-166.10,08:18:41,8/26/23,--.--,--.--,--.--,--.--,--.--,--.--,--.--,--.--,--.--,2.20,--.--,120.00,0,0.000,0.000,0.000,0.000,0.000,0.000,0.000,0.000,0.000,0.000,0.000,0.000,false,false,false,false,false,false,false,false,false,false,false,false,--.--,--.--,--.--,--.--,--.--,--.--,--.--,--.--,0.0000000,0.0000000,31NAA 66021 00000,--.--,--.--,0.0,0,0,--.--,--.--,,--.--,--.--,--.--,0,0,--.--,--.--,0,--.--,--.--,--.--,--.--,--.--,--.--,--.--,--.--,--.--,--.--,--.--,--.--,--.--,--.--,--.--,--.--,--.--,--.--,46.85,18.01,--.--,0,0,0.1,0.1,0.1,0,0,0,--.--,--.--,--.--
2023-08-26 08:18:42.048,-2.5,-0.7,267,0.0,0.0,0.0,0.0,0.0,0.000,-0.0,-0.1,0.0,0.000,-0.078,0.000,0.0,00:00:20,0.0,0,--.--,0,0.0,49,0000:00:00,18,0,0,50,50,0,0,2.92,0,0,0,17.02,-9.83,-87,--.--,100,--.--,--:--:--,1,-167.36,08:18:42,8/26/23,--.--,--.--,--.--,--.--,--.--,--.--,--.--,--.--,--.--,3.08,--.--,120.00,0,0.000,0.000,0.000,0.000,0.000,0.000,0.000,0.000,0.000,0.000,0.000,0.000,false,false,false,false,false,false,false,false,false,false,false,false,--.--,--.--,--.--,--.--,--.--,--.--,--.--,--.--,0.0000000,0.0000000,31NAA 66021 00000,--.--,--.--,0.0,0,0,--.--,--.--,,--.--,--.--,--.--,0,0,--.--,--.--,0,--.--,--.--,--.--,--.--,--.--,--.--,--.--,--.--,--.--,--.--,--.--,--.--,--.--,--.--,--.--,--.--,--.--,--.--,46.85,18.01,--.--,0,0,0.1,0.1,0.1,0,0,0,--.--,--.--,--.--
2023-08-26 08:18:43.058,-2.5,-0.7,268,0.0,0.0,0.0,0.0,0.0,0.000,0.0,-0.1,0.0,0.000,-0.076,0.000,0.0,00:00:21,0.0,0,--.--,0,0.0,49,0000:00:00,18,0,0,50,50,0,0,0.00,0,0,0,17.03,-9.89,-90,--.--,100,--.--,--:--:--,1,-168.46,08:18:43,8/26/23,--.--,--.--,--.--,--.--,--.--,--.--,--.--,--.--,--.--,0.82,--.--,120.00,0,0.000,0.000,0.000,0.000,0.000,0.000,0.000,0.000,0.000,0.000,0.000,0.000,false,false,false,false,false,false,false,false,false,false,false,false,--.--,--.--,--.--,--.--,--.--,--.--,--.--,--.--,0.0000000,0.0000000,31NAA 66021 00000,--.--,--.--,0.0,0,0,--.--,--.--,,--.--,--.--,--.--,0,0,--.--,--.--,0,--.--,--.--,--.--,--.--,--.--,--.--,--.--,--.--,--.--,--.--,--.--,--.--,--.--,--.--,--.--,--.--,--.--,--.--,46.86,18.00,--.--,0,0,0.1,0.1,0.2,0,0,0,--.--,--.--,--.--
2023-08-26 08:18:44.047,-2.5,-0.6,269,0.0,0.0,0.0,0.0,0.0,0.000,-0.0,-0.1,0.0,0.000,-0.075,0.000,0.0,00:00:22,0.0,0,--.--,0,0.0,49,0000:00:00,18,0,0,50,50,0,0,0.00,0,0,0,17.01,-9.85,-93,--.--,100,--.--,--:--:--,1,-167.52,08:18:44,8/26/23,--.--,--.--,--.--,--.--,--.--,--.--,--.--,--.--,--.--,1.58,--.--,120.00,0,0.000,0.000,0.000,0.000,0.000,0.000,0.000,0.000,0.000,0.000,0.000,0.000,false,false,false,false,false,false,false,false,false,false,false,false,--.--,--.--,--.--,--.--,--.--,--.--,--.--,--.--,0.0000000,0.0000000,31NAA 66021 00000,--.--,--.--,0.0,0,0,--.--,--.--,,--.--,--.--,--.--,0,0,--.--,--.--,0,--.--,--.--,--.--,--.--,--.--,--.--,--.--,--.--,--.--,--.--,--.--,--.--,--.--,--.--,--.--,--.--,--.--,--.--,46.86,18.00,--.--,0,0,0.1,0.1,0.2,0,0,0,--.--,--.--,--.--
2023-08-26 08:18:45.063,-2.5,-0.6,269,0.0,0.0,0.0,0.0,0.0,0.000,-0.0,-0.1,0.0,0.000,-0.077,0.000,0.0,00:00:23,0.0,0,--.--,0,0.0,49,0000:00:00,18,0,0,50,50,0,0,0.00,0,0,0,16.98,-8.40,-95,--.--,100,--.--,--:--:--,1,-142.61,08:18:45,8/26/23,--.--,--.--,--.--,--.--,--.--,--.--,--.--,--.--,--.--,1.84,--.--,120.00,0,0.000,0.000,0.000,0.000,0.000,0.000,0.000,0.000,0.000,0.000,0.000,0.000,false,false,false,false,false,false,false,false,false,false,false,false,--.--,--.--,--.--,--.--,--.--,--.--,--.--,--.--,0.0000000,0.0000000,31NAA 66021 00000,--.--,--.--,0.0,0,0,--.--,--.--,,--.--,--.--,--.--,0,0,--.--,--.--,0,--.--,--.--,--.--,--.--,--.--,--.--,--.--,--.--,--.--,--.--,--.--,--.--,--.--,--.--,--.--,--.--,--.--,--.--,46.87,18.00,--.--,0,0,0.2,0.3,0.3,0,0,0,--.--,--.--,--.--
2023-08-26 08:18:46.044,-2.5,-0.7,270,0.0,0.0,0.0,0.0,0.0,0.000,-0.0,-0.1,0.0,0.000,-0.079,0.000,0.0,00:00:24,0.0,0,--.--,0,0.0,49,0000:00:00,18,0,0,50,50,0,0,2.60,0,0,0,16.82,-4.32,-97,--.--,100,--.--,--:--:--,1,-72.65,08:18:46,8/26/23,--.--,--.--,--.--,--.--,--.--,--.--,--.--,--.--,--.--,2.60,--.--,50.00,0,0.000,0.000,0.000,0.000,0.000,0.000,0.000,0.000,0.000,0.000,0.000,0.000,false,false,false,false,false,false,false,false,false,false,false,false,--.--,--.--,--.--,--.--,--.--,--.--,--.--,--.--,0.0000000,0.0000000,31NAA 66021 00000,--.--,--.--,0.0,0,0,--.--,--.--,,--.--,--.--,--.--,0,0,--.--,--.--,0,--.--,--.--,--.--,--.--,--.--,--.--,--.--,--.--,--.--,--.--,--.--,--.--,--.--,--.--,--.--,--.--,--.--,--.--,46.87,17.99,--.--,0,0,0.3,0.4,0.4,0,0,0,--.--,--.--,--.--
2023-08-26 08:18:47.062,-2.5,-0.6,270,0.0,0.0,0.0,0.0,0.0,0.000,-0.0,-0.1,0.0,0.000,-0.081,0.000,0.0,00:00:25,0.0,0,--.--,0,0.0,49,0000:00:00,18,0,0,50,50,0,0,0.00,0,0,0,16.82,-4.37,-98,--.--,100,--.--,--:--:--,1,-73.50,08:18:47,8/26/23,--.--,--.--,--.--,--.--,--.--,--.--,--.--,--.--,--.--,0.91,--.--,120.00,0,0.000,0.000,0.000,0.000,0.000,0.000,0.000,0.000,0.000,0.000,0.000,0.000,false,false,false,false,false,false,false,false,false,false,false,false,--.--,--.--,--.--,--.--,--.--,--.--,--.--,--.--,0.0000000,0.0000000,31NAA 66021 00000,--.--,--.--,0.0,0,0,--.--,--.--,,--.--,--.--,--.--,0,0,--.--,--.--,0,--.--,--.--,--.--,--.--,--.--,--.--,--.--,--.--,--.--,--.--,--.--,--.--,--.--,--.--,--.--,--.--,--.--,--.--,46.87,17.98,--.--,0,0,0.4,0.3,0.4,0,0,0,--.--,--.--,--.--
2023-08-26 08:18:48.070,-2.5,-0.6,270,0.0,0.0,0.0,0.0,0.0,0.000,-0.0,-0.1,0.0,0.000,-0.084,0.000,0.0,00:00:26,0.0,0,--.--,0,0.0,49,0000:00:00,18,0,0,50,50,0,0,0.00,0,0,0,16.83,-3.64,-99,--.--,100,--.--,--:--:--,1,-61.25,08:18:48,8/26/23,--.--,--.--,--.--,--.--,--.--,--.--,--.--,--.--,--.--,1.16,--.--,120.00,0,0.000,0.000,0.000,0.000,0.000,0.000,0.000,0.000,0.000,0.000,0.000,0.000,false,false,false,false,false,false,false,false,false,false,false,false,--.--,--.--,--.--,--.--,--.--,--.--,--.--,--.--,0.0000000,0.0000000,31NAA 66021 00000,--.--,--.--,0.0,0,0,--.--,--.--,,--.--,--.--,--.--,0,0,--.--,--.--,0,--.--,--.--,--.--,--.--,--.--,--.--,--.--,--.--,--.--,--.--,--.--,--.--,--.--,--.--,--.--,--.--,--.--,--.--,46.87,17.98,--.--,0,0,0.4,0.4,0.5,0,0,0,--.--,--.--,--.--
2023-08-26 08:18:49.045,-2.5,-0.6,271,0.0,0.0,0.0,0.0,0.0,0.000,0.0,-0.1,0.0,0.000,-0.080,0.000,0.0,00:00:27,0.0,0,--.--,0,0.0,49,0000:00:00,18,0,0,50,50,0,0,0.00,0,0,0,16.57,3.05,-99,--.--,100,--.--,--:--:--,1,50.54,08:18:49,8/26/23,--.--,--.--,--.--,--.--,--.--,--.--,--.--,--.--,--.--,1.52,--.--,120.00,0,0.000,0.000,0.000,0.000,0.000,0.000,0.000,0.000,0.000,0.000,0.000,0.000,false,false,false,false,false,false,false,false,false,false,false,false,--.--,--.--,--.--,--.--,--.--,--.--,--.--,--.--,0.0000000,0.0000000,31NAA 66021 00000,--.--,--.--,0.0,0,0,--.--,--.--,,--.--,--.--,--.--,0,0,--.--,--.--,0,--.--,--.--,--.--,--.--,--.--,--.--,--.--,--.--,--.--,--.--,--.--,--.--,--.--,--.--,--.--,--.--,--.--,--.--,46.87,17.98,--.--,0,0,0.6,0.5,0.7,0,0,0,--.--,--.--,--.--
2023-08-26 08:18:50.044,-2.5,-0.6,271,0.0,0.0,0.0,0.0,0.0,0.000,0.0,-0.1,0.0,0.000,-0.077,0.000,0.0,00:00:28,0.0,0,--.--,0,0.0,49,0000:00:00,18,0,0,50,50,0,0,0.00,0,0,0,16.55,3.12,-98,--.--,100,--.--,--:--:--,1,51.65,08:18:50,8/26/23,--.--,--.--,--.--,--.--,--.--,--.--,--.--,--.--,--.--,1.73,--.--,120.00,0,0.000,0.000,0.000,0.000,0.000,0.000,0.000,0.000,0.000,0.000,0.000,0.000,false,false,false,false,false,false,false,false,false,false,false,false,--.--,--.--,--.--,--.--,--.--,--.--,--.--,--.--,0.0000000,0.0000000,31NAA 66021 00000,--.--,--.--,0.0,0,0,--.--,--.--,,--.--,--.--,--.--,0,0,--.--,--.--,0,--.--,--.--,--.--,--.--,--.--,--.--,--.--,--.--,--.--,--.--,--.--,--.--,--.--,--.--,--.--,--.--,--.--,--.--,46.89,17.96,--.--,0,0,0.5,0.5,0.6,0,0,0,--.--,--.--,--.--
2023-08-26 08:18:51.047,-2.5,-0.7,271,0.0,0.0,0.0,0.0,0.0,0.000,0.0,-0.1,0.0,0.000,-0.076,0.000,0.0,00:00:29,0.0,0,--.--,0,0.0,49,0000:00:00,18,0,0,50,50,0,0,0.00,0,0,0,16.55,3.20,-98,--.--,100,--.--,--:--:--,1,52.95,08:18:51,8/26/23,--.--,--.--,--.--,--.--,--.--,--.--,--.--,--.--,--.--,2.01,--.--,120.00,0,0.000,0.000,0.000,0.000,0.000,0.000,0.000,0.000,0.000,0.000,0.000,0.000,false,false,false,false,false,false,false,false,false,false,false,false,--.--,--.--,--.--,--.--,--.--,--.--,--.--,--.--,0.0000000,0.0000000,31NAA 66021 00000,--.--,--.--,0.0,0,0,--.--,--.--,,--.--,--.--,--.--,0,0,--.--,--.--,0,--.--,--.--,--.--,--.--,--.--,--.--,--.--,--.--,--.--,--.--,--.--,--.--,--.--,--.--,--.--,--.--,--.--,--.--,46.89,17.96,--.--,0,0,0.5,0.5,0.6,0,0,0,--.--,--.--,--.--
2023-08-26 08:18:52.044,-2.1,-0.3,271,0.0,0.0,0.0,0.0,0.0,0.000,0.0,-0.1,0.0,0.000,-0.072,0.000,0.0,00:00:30,0.0,0,--.--,0,0.0,49,0000:00:00,18,0,0,50,50,0,0,0.00,0,0,0,16.54,3.26,-97,--.--,100,--.--,--:--:--,1,53.92,08:18:52,8/26/23,--.--,--.--,--.--,--.--,--.--,--.--,--.--,--.--,--.--,0.81,--.--,120.00,0,0.000,0.000,0.000,0.000,0.000,0.000,0.000,0.000,0.000,0.000,0.000,0.000,false,false,false,false,false,false,false,false,false,false,false,false,--.--,--.--,--.--,--.--,--.--,--.--,--.--,--.--,0.0000000,0.0000000,31NAA 66021 00000,--.--,--.--,0.0,0,0,--.--,--.--,,--.--,--.--,--.--,0,0,--.--,--.--,0,--.--,--.--,--.--,--.--,--.--,--.--,--.--,--.--,--.--,--.--,--.--,--.--,--.--,--.--,--.--,--.--,--.--,--.--,46.89,17.95,--.--,0,0,0.8,0.5,0.6,0,0,0,--.--,--.--,--.--
2023-08-26 08:18:53.043,-2.1,-0.4,272,0.0,0.0,0.0,0.0,0.0,0.000,0.0,-0.1,0.0,0.000,-0.069,0.000,0.0,00:00:31,0.0,0,--.--,0,0.0,49,0000:00:00,18,0,0,50,50,0,0,0.00,0,0,0,17.03,-11.19,-97,--.--,100,--.--,--:--:--,1,-190.57,08:18:53,8/26/23,--.--,--.--,--.--,--.--,--.--,--.--,--.--,--.--,--.--,0.98,--.--,120.00,0,0.000,0.000,0.000,0.000,0.000,0.000,0.000,0.000,0.000,0.000,0.000,0.000,false,false,false,false,false,false,false,false,false,false,false,false,--.--,--.--,--.--,--.--,--.--,--.--,--.--,--.--,0.0000000,0.0000000,31NAA 66021 00000,--.--,--.--,0.0,0,0,--.--,--.--,,--.--,--.--,--.--,0,0,--.--,--.--,0,--.--,--.--,--.--,--.--,--.--,--.--,--.--,--.--,--.--,--.--,--.--,--.--,--.--,--.--,--.--,--.--,--.--,--.--,46.89,17.95,--.--,0,0,0.0,0.1,0.1,0,0,0,--.--,--.--,--.--
2023-08-26 08:18:54.060,-2.5,-0.6,272,0.0,0.0,0.0,0.0,0.0,0.000,-0.0,-0.1,0.0,0.000,-0.078,0.000,0.0,00:00:32,0.0,0,--.--,0,0.0,49,0000:00:00,18,0,0,50,50,0,0,0.00,0,0,0,17.01,-11.18,-100,--.--,100,--.--,--:--:--,1,-190.19,08:18:54,8/26/23,--.--,--.--,--.--,--.--,--.--,--.--,--.--,--.--,--.--,1.28,--.--,120.00,0,0.000,0.000,0.000,0.000,0.000,0.000,0.000,0.000,0.000,0.000,0.000,0.000,false,false,false,false,false,false,false,false,false,false,false,false,--.--,--.--,--.--,--.--,--.--,--.--,--.--,--.--,0.0000000,0.0000000,31NAA 66021 00000,--.--,--.--,0.0,0,0,--.--,--.--,,--.--,--.--,--.--,0,0,--.--,--.--,0,--.--,--.--,--.--,--.--,--.--,--.--,--.--,--.--,--.--,--.--,--.--,--.--,--.--,--.--,--.--,--.--,--.--,--.--,46.90,17.95,--.--,0,0,0.0,0.0,0.0,0,0,0,--.--,--.--,--.--
2023-08-26 08:18:55.059,-2.5,-0.6,273,0.0,0.0,0.0,0.0,0.0,0.000,-0.0,-0.1,0.0,0.000,-0.076,0.000,0.0,00:00:33,0.0,0,--.--,0,0.0,49,0000:00:00,18,0,0,50,50,0,0,0.00,0,0,0,17.03,-11.16,-104,--.--,100,--.--,--:--:--,1,-190.04,08:18:55,8/26/23,--.--,--.--,--.--,--.--,--.--,--.--,--.--,--.--,--.--,1.59,--.--,120.00,0,0.000,0.000,0.000,0.000,0.000,0.000,0.000,0.000,0.000,0.000,0.000,0.000,false,false,false,false,false,false,false,false,false,false,false,false,--.--,--.--,--.--,--.--,--.--,--.--,--.--,--.--,0.0000000,0.0000000,31NAA 66021 00000,--.--,--.--,0.0,0,0,--.--,--.--,,--.--,--.--,--.--,0,0,--.--,--.--,0,--.--,--.--,--.--,--.--,--.--,--.--,--.--,--.--,--.--,--.--,--.--,--.--,--.--,--.--,--.--,--.--,--.--,--.--,46.91,17.95,--.--,0,0,0.0,0.0,0.0,0,0,0,--.--,--.--,--.--
2023-08-26 08:18:56.049,-2.5,-0.6,274,0.0,0.0,0.0,0.0,0.0,0.000,-0.0,-0.1,0.0,0.000,-0.077,0.000,0.0,00:00:34,0.0,0,--.--,0,0.0,49,0000:00:00,18,0,0,50,50,0,0,0.00,0,0,0,17.04,-11.16,-107,--.--,100,--.--,--:--:--,1,-190.13,08:18:56,8/26/23,--.--,--.--,--.--,--.--,--.--,--.--,--.--,--.--,--.--,1.87,--.--,120.00,0,0.000,0.000,0.000,0.000,0.000,0.000,0.000,0.000,0.000,0.000,0.000,0.000,false,false,false,false,false,false,false,false,false,false,false,false,--.--,--.--,--.--,--.--,--.--,--.--,--.--,--.--,0.0000000,0.0000000,31NAA 66021 00000,--.--,--.--,0.0,0,0,--.--,--.--,,--.--,--.--,--.--,0,0,--.--,--.--,0,--.--,--.--,--.--,--.--,--.--,--.--,--.--,--.--,--.--,--.--,--.--,--.--,--.--,--.--,--.--,--.--,--.--,--.--,46.91,17.95,--.--,0,0,0.0,0.0,0.0,0,0,0,--.--,--.--,--.--
2023-08-26 08:18:57.067,-2.5,-0.6,275,0.0,0.0,0.0,0.0,0.0,0.000,-0.0,-0.1,0.0,0.000,-0.077,0.000,0.0,00:00:35,0.0,0,--.--,0,0.0,49,0000:00:00,18,0,0,50,50,0,0,0.00,0,0,0,17.03,-11.15,-110,--.--,100,--.--,--:--:--,1,-189.93,08:18:57,8/26/23,--.--,--.--,--.--,--.--,--.--,--.--,--.--,--.--,--.--,2.40,--.--,120.00,0,0.000,0.000,0.000,0.000,0.000,0.000,0.000,0.000,0.000,0.000,0.000,0.000,false,false,false,false,false,false,false,false,false,false,false,false,--.--,--.--,--.--,--.--,--.--,--.--,--.--,--.--,0.0000000,0.0000000,31NAA 66021 00000,--.--,--.--,0.0,0,0,--.--,--.--,,--.--,--.--,--.--,0,0,--.--,--.--,0,--.--,--.--,--.--,--.--,--.--,--.--,--.--,--.--,--.--,--.--,--.--,--.--,--.--,--.--,--.--,--.--,--.--,--.--,46.91,17.95,--.--,0,0,0.0,0.0,0.0,0,0,0,--.--,--.--,--.--
2023-08-26 08:18:58.059,-2.5,-0.6,275,0.0,0.0,0.0,0.0,0.0,0.000,0.0,-0.1,0.0,0.000,-0.077,0.000,0.0,00:00:36,0.0,0,--.--,0,0.0,49,0000:00:00,18,0,0,50,50,0,0,2.97,0,0,0,17.04,-11.16,-113,--.--,100,--.--,--:--:--,1,-190.16,08:18:58,8/26/23,--.--,--.--,--.--,--.--,--.--,--.--,--.--,--.--,--.--,3.22,--.--,120.00,0,0.000,0.000,0.000,0.000,0.000,0.000,0.000,0.000,0.000,0.000,0.000,0.000,false,false,false,false,false,false,false,false,false,false,false,false,--.--,--.--,--.--,--.--,--.--,--.--,--.--,--.--,0.0000000,0.0000000,31NAA 66021 00000,--.--,--.--,0.0,0,0,--.--,--.--,,--.--,--.--,--.--,0,0,--.--,--.--,0,--.--,--.--,--.--,--.--,--.--,--.--,--.--,--.--,--.--,--.--,--.--,--.--,--.--,--.--,--.--,--.--,--.--,--.--,46.92,17.96,--.--,0,0,0.0,0.0,0.0,0,0,0,--.--,--.--,--.--
2023-08-26 08:18:59.044,-2.5,-0.7,276,0.0,0.0,0.0,0.0,0.0,0.000,0.0,-0.1,0.0,0.000,-0.075,0.000,0.0,00:00:37,0.0,0,--.--,0,0.0,49,0000:00:00,18,0,0,50,50,0,0,0.00,0,0,0,17.06,-11.08,-116,--.--,100,--.--,--:--:--,1,-188.98,08:18:59,8/26/23,--.--,--.--,--.--,--.--,--.--,--.--,--.--,--.--,--.--,0.94,--.--,120.00,0,0.000,0.000,0.000,0.000,0.000,0.000,0.000,0.000,0.000,0.000,0.000,0.000,false,false,false,false,false,false,false,false,false,false,false,false,--.--,--.--,--.--,--.--,--.--,--.--,--.--,--.--,0.0000000,0.0000000,31NAA 66021 00000,--.--,--.--,0.0,0,0,--.--,--.--,,--.--,--.--,--.--,0,0,--.--,--.--,0,--.--,--.--,--.--,--.--,--.--,--.--,--.--,--.--,--.--,--.--,--.--,--.--,--.--,--.--,--.--,--.--,--.--,--.--,46.92,17.96,--.--,0,0,0.1,0.1,0.1,0,0,0,--.--,--.--,--.--
2023-08-26 08:19:00.064,-2.5,-0.6,276,0.0,0.0,0.0,0.1,0.0,0.000,0.0,-0.1,0.0,0.000,-0.078,0.000,0.0,00:00:38,0.0,0,--.--,0,0.0,49,0000:00:00,18,0,0,50,50,0,0,0.00,0,0,0,16.99,-9.71,-119,--.--,100,--.--,--:--:--,1,-165.00,08:19:00,8/26/23,--.--,--.--,--.--,--.--,--.--,--.--,--.--,--.--,--.--,1.21,--.--,120.00,0,0.000,0.000,0.000,0.000,0.000,0.000,0.000,0.000,0.000,0.000,0.000,0.000,false,false,false,false,false,false,false,false,false,false,false,false,--.--,--.--,--.--,--.--,--.--,--.--,--.--,--.--,0.0000000,0.0000000,31NAA 66021 00000,--.--,--.--,0.0,0,0,--.--,--.--,,--.--,--.--,--.--,0,0,--.--,--.--,0,--.--,--.--,--.--,--.--,--.--,--.--,--.--,--.--,--.--,--.--,--.--,--.--,--.--,--.--,--.--,--.--,--.--,--.--,46.92,17.95,--.--,0,0,0.1,0.1,0.1,0,0,0,--.--,--.--,--.--
2023-08-26 08:19:01.046,-2.5,-0.7,275,0.0,0.0,0.0,0.1,0.0,0.000,0.0,-0.1,0.0,0.000,-0.074,0.000,0.0,00:00:39,0.0,0,--.--,0,0.0,49,0000:00:00,18,0,0,50,50,0,0,0.00,0,0,0,16.99,-9.77,-122,--.--,100,--.--,--:--:--,1,-165.99,08:19:01,8/26/23,--.--,--.--,--.--,--.--,--.--,--.--,--.--,--.--,--.--,1.54,--.--,120.00,0,0.000,0.000,0.000,0.000,0.000,0.000,0.000,0.000,0.000,0.000,0.000,0.000,false,false,false,false,false,false,false,false,false,false,false,false,--.--,--.--,--.--,--.--,--.--,--.--,--.--,--.--,0.0000000,0.0000000,31NAA 66021 00000,--.--,--.--,0.0,0,0,--.--,--.--,,--.--,--.--,--.--,0,0,--.--,--.--,0,--.--,--.--,--.--,--.--,--.--,--.--,--.--,--.--,--.--,--.--,--.--,--.--,--.--,--.--,--.--,--.--,--.--,--.--,46.93,17.95,--.--,0,0,0.1,0.1,0.1,0,0,0,--.--,--.--,--.--
2023-08-26 08:19:02.066,-2.5,-0.6,275,0.0,0.0,0.0,0.0,0.0,0.000,0.0,-0.1,0.0,0.000,-0.074,0.000,0.0,00:00:40,0.0,0,--.--,0,0.0,49,0000:00:00,18,0,0,50,50,0,0,0.00,0,0,0,17.01,-9.77,-124,--.--,100,--.--,--:--:--,1,-166.15,08:19:02,8/26/23,--.--,--.--,--.--,--.--,--.--,--.--,--.--,--.--,--.--,2.14,--.--,120.00,0,0.000,0.000,0.000,0.000,0.000,0.000,0.000,0.000,0.000,0.000,0.000,0.000,false,false,false,false,false,false,false,false,false,false,false,false,--.--,--.--,--.--,--.--,--.--,--.--,--.--,--.--,0.0000000,0.0000000,31NAA 66021 00000,--.--,--.--,0.0,0,0,--.--,--.--,,--.--,--.--,--.--,0,0,--.--,--.--,0,--.--,--.--,--.--,--.--,--.--,--.--,--.--,--.--,--.--,--.--,--.--,--.--,--.--,--.--,--.--,--.--,--.--,--.--,46.93,17.96,--.--,0,0,0.1,0.1,0.1,0,0,0,--.--,--.--,--.--
2023-08-26 08:19:03.045,-2.5,-0.7,274,0.0,0.0,0.0,0.0,0.0,0.000,0.0,-0.1,0.0,0.000,-0.070,0.000,0.0,00:00:41,0.0,0,--.--,0,0.0,49,0000:00:00,18,0,0,50,50,0,0,0.00,0,0,0,17.04,-11.11,-127,--.--,100,--.--,--:--:--,1,-189.36,08:19:03,8/26/23,--.--,--.--,--.--,--.--,--.--,--.--,--.--,--.--,--.--,2.66,--.--,120.00,0,0.000,0.000,0.000,0.000,0.000,0.000,0.000,0.000,0.000,0.000,0.000,0.000,false,false,false,false,false,false,false,false,false,false,false,false,--.--,--.--,--.--,--.--,--.--,--.--,--.--,--.--,0.0000000,0.0000000,31NAA 66021 00000,--.--,--.--,0.0,0,0,--.--,--.--,,--.--,--.--,--.--,0,0,--.--,--.--,0,--.--,--.--,--.--,--.--,--.--,--.--,--.--,--.--,--.--,--.--,--.--,--.--,--.--,--.--,--.--,--.--,--.--,--.--,46.94,17.95,--.--,0,0,0.0,0.0,0.0,0,0,0,--.--,--.--,--.--
2023-08-26 08:19:04.060,-2.5,-0.7,274,0.0,0.0,0.0,0.1,0.0,0.000,-0.0,-0.1,0.0,0.000,-0.074,0.000,0.0,00:00:42,0.0,0,--.--,0,0.0,49,0000:00:00,18,0,0,50,50,0,0,2.95,0,0,0,17.04,-11.20,-130,--.--,100,--.--,--:--:--,1,-190.88,08:19:04,8/26/23,--.--,--.--,--.--,--.--,--.--,--.--,--.--,--.--,--.--,0.81,--.--,120.00,0,0.000,0.000,0.000,0.000,0.000,0.000,0.000,0.000,0.000,0.000,0.000,0.000,false,false,false,false,false,false,false,false,false,false,false,false,--.--,--.--,--.--,--.--,--.--,--.--,--.--,--.--,0.0000000,0.0000000,31NAA 66021 00000,--.--,--.--,0.0,0,0,--.--,--.--,,--.--,--.--,--.--,0,0,--.--,--.--,0,--.--,--.--,--.--,--.--,--.--,--.--,--.--,--.--,--.--,--.--,--.--,--.--,--.--,--.--,--.--,--.--,--.--,--.--,46.94,17.94,--.--,0,0,0.0,0.1,0.1,0,0,0,--.--,--.--,--.--
2023-08-26 08:19:05.050,-2.6,-0.7,274,0.0,0.0,0.0,0.1,0.0,0.000,-0.0,-0.1,0.0,0.000,-0.078,0.000,0.0,00:00:43,0.0,0,--.--,0,0.0,49,0000:00:00,18,0,0,50,50,0,0,0.00,0,0,0,17.05,-11.16,-133,--.--,100,--.--,--:--:--,1,-190.30,08:19:05,8/26/23,--.--,--.--,--.--,--.--,--.--,--.--,--.--,--.--,--.--,0.96,--.--,120.00,0,0.000,0.000,0.000,0.000,0.000,0.000,0.000,0.000,0.000,0.000,0.000,0.000,false,false,false,false,false,false,false,false,false,false,false,false,--.--,--.--,--.--,--.--,--.--,--.--,--.--,--.--,0.0000000,0.0000000,31NAA 66021 00000,--.--,--.--,0.0,0,0,--.--,--.--,,--.--,--.--,--.--,0,0,--.--,--.--,0,--.--,--.--,--.--,--.--,--.--,--.--,--.--,--.--,--.--,--.--,--.--,--.--,--.--,--.--,--.--,--.--,--.--,--.--,46.94,17.95,--.--,0,0,0.0,0.0,0.0,0,0,0,--.--,--.--,--.--
2023-08-26 08:19:06.045,-2.6,-0.7,274,0.0,0.0,0.0,0.1,0.0,0.000,-0.0,-0.1,0.0,0.000,-0.076,0.000,0.0,00:00:44,0.0,0,--.--,0,0.0,49,0000:00:00,18,0,0,50,50,0,0,0.00,0,0,0,17.06,-11.18,-136,--.--,100,--.--,--:--:--,1,-190.72,08:19:06,8/26/23,--.--,--.--,--.--,--.--,--.--,--.--,--.--,--.--,--.--,1.20,--.--,120.00,0,0.000,0.000,0.000,0.000,0.000,0.000,0.000,0.000,0.000,0.000,0.000,0.000,false,false,false,false,false,false,false,false,false,false,false,false,--.--,--.--,--.--,--.--,--.--,--.--,--.--,--.--,0.0000000,0.0000000,31NAA 66021 00000,--.--,--.--,0.0,0,0,--.--,--.--,,--.--,--.--,--.--,0,0,--.--,--.--,0,--.--,--.--,--.--,--.--,--.--,--.--,--.--,--.--,--.--,--.--,--.--,--.--,--.--,--.--,--.--,--.--,--.--,--.--,46.95,17.95,--.--,0,0,0.0,0.0,0.0,0,0,0,--.--,--.--,--.--
2023-08-26 08:19:07.058,-2.6,-0.7,274,0.0,0.0,0.0,0.1,0.0,0.000,-0.0,-0.1,0.0,0.000,-0.076,0.000,0.0,00:00:45,0.0,0,--.--,0,0.0,49,0000:00:00,18,0,0,50,50,0,0,0.00,0,0,0,17.05,-11.15,-139,--.--,100,--.--,--:--:--,1,-190.15,08:19:07,8/26/23,--.--,--.--,--.--,--.--,--.--,--.--,--.--,--.--,--.--,1.53,--.--,120.00,0,0.000,0.000,0.000,0.000,0.000,0.000,0.000,0.000,0.000,0.000,0.000,0.000,false,false,false,false,false,false,false,false,false,false,false,false,--.--,--.--,--.--,--.--,--.--,--.--,--.--,--.--,0.0000000,0.0000000,31NAA 66021 00000,--.--,--.--,0.0,0,0,--.--,--.--,,--.--,--.--,--.--,0,0,--.--,--.--,0,--.--,--.--,--.--,--.--,--.--,--.--,--.--,--.--,--.--,--.--,--.--,--.--,--.--,--.--,--.--,--.--,--.--,--.--,46.95,17.95,--.--,0,0,0.0,0.0,0.0,0,0,0,--.--,--.--,--.--
2023-08-26 08:19:08.045,-2.5,-0.7,274,0.0,0.0,0.0,0.1,0.0,0.000,-0.0,-0.1,0.0,0.000,-0.077,0.000,0.0,00:00:46,0.0,0,--.--,0,0.0,55,0000:00:00,18,0,0,50,50,0,0,0.00,0,0,0,17.06,-11.16,-143,--.--,100,--.--,--:--:--,1,-190.37,08:19:08,8/26/23,--.--,--.--,--.--,--.--,--.--,--.--,--.--,--.--,--.--,1.66,--.--,120.00,0,0.000,0.000,0.000,0.000,0.000,0.000,0.000,0.000,0.000,0.000,0.000,0.000,false,false,false,false,false,false,false,false,false,false,false,false,--.--,--.--,--.--,--.--,--.--,--.--,--.--,--.--,0.0000000,0.0000000,31NAA 66021 00000,--.--,--.--,0.0,0,0,--.--,--.--,,--.--,--.--,--.--,0,0,--.--,--.--,0,--.--,--.--,--.--,--.--,--.--,--.--,--.--,--.--,--.--,--.--,--.--,--.--,--.--,--.--,--.--,--.--,--.--,--.--,46.96,17.95,--.--,0,0,0.0,0.0,0.0,0,0,0,--.--,--.--,--.--
2023-08-26 08:19:09.042,-2.5,-0.7,274,0.0,0.0,0.0,0.1,0.0,0.000,-0.0,-0.1,0.0,0.000,-0.081,0.000,0.0,00:00:47,0.0,0,--.--,0,0.0,49,0000:00:00,18,0,0,50,50,0,0,2.23,0,0,0,17.05,-10.80,-146,--.--,100,--.--,--:--:--,1,-184.16,08:19:09,8/26/23,--.--,--.--,--.--,--.--,--.--,--.--,--.--,--.--,--.--,2.37,--.--,120.00,0,0.000,0.000,0.000,0.000,0.000,0.000,0.000,0.000,0.000,0.000,0.000,0.000,false,false,false,false,false,false,false,false,false,false,false,false,--.--,--.--,--.--,--.--,--.--,--.--,--.--,--.--,0.0000000,0.0000000,31NAA 66021 00000,--.--,--.--,0.0,0,0,--.--,--.--,,--.--,--.--,--.--,0,0,--.--,--.--,0,--.--,--.--,--.--,--.--,--.--,--.--,--.--,--.--,--.--,--.--,--.--,--.--,--.--,--.--,--.--,--.--,--.--,--.--,46.96,17.95,--.--,0,0,0.1,0.2,0.2,0,0,0,--.--,--.--,--.--
2023-08-26 08:19:10.060,-2.5,-0.5,274,0.0,0.0,0.0,0.1,0.0,0.000,0.0,-0.1,0.0,0.000,-0.075,0.000,0.0,00:00:48,0.0,0,--.--,0,0.0,42,0000:00:00,18,0,0,50,50,0,0,0.00,0,0,0,17.06,-10.40,-149,--.--,100,--.--,--:--:--,1,-177.43,08:19:10,8/26/23,--.--,--.--,--.--,--.--,--.--,--.--,--.--,--.--,--.--,2.79,--.--,120.00,0,0.000,0.000,0.000,0.000,0.000,0.000,0.000,0.000,0.000,0.000,0.000,0.000,false,false,false,false,false,false,false,false,false,false,false,false,--.--,--.--,--.--,--.--,--.--,--.--,--.--,--.--,0.0000000,0.0000000,31NAA 66021 00000,--.--,--.--,0.0,0,0,--.--,--.--,,--.--,--.--,--.--,0,0,--.--,--.--,0,--.--,--.--,--.--,--.--,--.--,--.--,--.--,--.--,--.--,--.--,--.--,--.--,--.--,--.--,--.--,--.--,--.--,--.--,46.96,17.95,--.--,0,0,0.1,0.1,0.1,0,0,0,--.--,--.--,--.--
2023-08-26 08:19:11.052,-2.5,-0.6,274,0.0,0.0,0.0,0.1,0.0,0.000,0.0,-0.1,0.0,0.000,-0.071,0.000,0.0,00:00:49,0.0,0,--.--,0,0.0,49,0000:00:00,18,0,0,50,50,0,0,3.22,0,0,0,17.05,-11.13,-152,--.--,100,--.--,--:--:--,1,-189.73,08:19:11,8/26/23,--.--,--.--,--.--,--.--,--.--,--.--,--.--,--.--,--.--,3.31,--.--,120.00,0,0.000,0.000,0.000,0.000,0.000,0.000,0.000,0.000,0.000,0.000,0.000,0.000,false,false,false,false,false,false,false,false,false,false,false,false,--.--,--.--,--.--,--.--,--.--,--.--,--.--,--.--,0.0000000,0.0000000,31NAA 66021 00000,--.--,--.--,0.0,0,0,--.--,--.--,,--.--,--.--,--.--,0,0,--.--,--.--,0,--.--,--.--,--.--,--.--,--.--,--.--,--.--,--.--,--.--,--.--,--.--,--.--,--.--,--.--,--.--,--.--,--.--,--.--,46.96,17.96,--.--,0,0,0.0,0.0,0.0,0,0,0,--.--,--.--,--.--
2023-08-26 08:19:12.062,-2.5,-0.6,275,0.0,0.0,0.0,0.1,0.0,0.000,-0.0,-0.1,0.0,0.000,-0.075,0.000,0.0,00:00:50,0.0,0,--.--,0,0.0,49,0000:00:00,18,0,0,50,50,0,0,3.36,0,0,0,17.06,-11.20,-155,--.--,100,--.--,--:--:--,1,-191.11,08:19:12,8/26/23,--.--,--.--,--.--,--.--,--.--,--.--,--.--,--.--,--.--,3.65,--.--,120.00,0,0.000,0.000,0.000,0.000,0.000,0.000,0.000,0.000,0.000,0.000,0.000,0.000,false,false,false,false,false,false,false,false,false,false,false,false,--.--,--.--,--.--,--.--,--.--,--.--,--.--,--.--,0.0000000,0.0000000,31NAA 66021 00000,--.--,--.--,0.0,0,0,--.--,--.--,,--.--,--.--,--.--,0,0,--.--,--.--,0,--.--,--.--,--.--,--.--,--.--,--.--,--.--,--.--,--.--,--.--,--.--,--.--,--.--,--.--,--.--,--.--,--.--,--.--,46.98,17.96,--.--,0,0,0.0,0.0,0.0,0,0,0,--.--,--.--,--.--
2023-08-26 08:19:13.062,-2.5,-0.6,275,0.0,0.0,0.0,0.1,0.0,0.000,-0.0,-0.1,0.0,0.000,-0.078,0.000,0.0,00:00:51,0.0,0,--.--,0,0.0,49,0000:00:00,18,0,0,50,50,0,0,4.46,0,0,0,17.05,-11.20,-158,--.--,100,--.--,--:--:--,1,-190.98,08:19:13,8/26/23,--.--,--.--,--.--,--.--,--.--,--.--,--.--,--.--,--.--,4.46,--.--,50.00,0,0.000,0.000,0.000,0.000,0.000,0.000,0.000,0.000,0.000,0.000,0.000,0.000,false,false,false,false,false,false,false,false,false,false,false,false,--.--,--.--,--.--,--.--,--.--,--.--,--.--,--.--,0.0000000,0.0000000,31NAA 66021 00000,--.--,--.--,0.0,0,0,--.--,--.--,,--.--,--.--,--.--,0,0,--.--,--.--,0,--.--,--.--,--.--,--.--,--.--,--.--,--.--,--.--,--.--,--.--,--.--,--.--,--.--,--.--,--.--,--.--,--.--,--.--,46.98,17.95,--.--,0,0,0.0,0.0,0.0,0,0,0,--.--,--.--,--.--
2023-08-26 08:19:14.051,-2.5,-0.6,275,0.0,0.0,0.0,0.0,0.0,0.000,-0.0,-0.1,0.0,0.000,-0.078,0.000,0.0,00:00:51,0.0,0,--.--,0,0.0,0,0000:00:00,18,0,0,50,50,0,0,0.00,0,0,0,17.04,-11.17,-161,--.--,100,--.--,--:--:--,1,-190.37,08:19:14,8/26/23,--.--,--.--,--.--,--.--,--.--,--.--,--.--,--.--,--.--,1.55,--.--,120.00,0,0.000,0.000,0.000,0.000,0.000,0.000,0.000,0.000,0.000,0.000,0.000,0.000,false,false,false,false,false,false,false,false,false,false,false,false,--.--,--.--,--.--,--.--,--.--,--.--,--.--,--.--,0.0000000,0.0000000,31NAA 66021 00000,--.--,--.--,0.0,0,0,--.--,--.--,,--.--,--.--,--.--,0,0,--.--,--.--,0,--.--,--.--,--.--,--.--,--.--,--.--,--.--,--.--,--.--,--.--,--.--,--.--,--.--,--.--,--.--,--.--,--.--,--.--,46.98,17.96,--.--,0,0,0.0,0.0,0.0,0,0,0,--.--,--.--,--.--
2023-08-26 08:19:15.045,-2.4,-0.6,275,0.0,0.0,0.0,0.0,0.0,0.000,0.0,-0.1,0.0,0.000,-0.077,0.000,0.0,00:00:51,0.0,0,--.--,0,0.0,0,0000:00:00,18,0,0,50,50,0,0,0.00,0,0,0,17.05,-11.09,-164,--.--,100,--.--,--:--:--,1,-189.13,08:19:15,8/26/23,--.--,--.--,--.--,--.--,--.--,--.--,--.--,--.--,--.--,2.24,--.--,120.00,0,0.000,0.000,0.000,0.000,0.000,0.000,0.000,0.000,0.000,0.000,0.000,0.000,false,false,false,false,false,false,false,false,false,false,false,false,--.--,--.--,--.--,--.--,--.--,--.--,--.--,--.--,0.0000000,0.0000000,31NAA 66021 00000,--.--,--.--,0.0,0,0,--.--,--.--,,--.--,--.--,--.--,0,0,--.--,--.--,0,--.--,--.--,--.--,--.--,--.--,--.--,--.--,--.--,--.--,--.--,--.--,--.--,--.--,--.--,--.--,--.--,--.--,--.--,46.99,17.96,--.--,0,0,0.0,0.0,0.0,0,0,0,--.--,--.--,--.--
2023-08-26 08:19:16.043,-2.4,-0.6,275,0.0,0.0,0.0,0.0,0.0,0.000,0.0,-0.1,0.0,0.000,-0.076,0.000,0.0,00:00:51,0.0,0,--.--,0,0.0,0,0000:00:00,18,0,0,50,50,0,0,0.00,0,0,0,17.07,-11.16,-167,--.--,100,--.--,--:--:--,1,-190.45,08:19:16,8/26/23,--.--,--.--,--.--,--.--,--.--,--.--,--.--,--.--,--.--,3.13,--.--,120.00,0,0.000,0.000,0.000,0.000,0.000,0.000,0.000,0.000,0.000,0.000,0.000,0.000,false,false,false,false,false,false,false,false,false,false,false,false,--.--,--.--,--.--,--.--,--.--,--.--,--.--,--.--,0.0000000,0.0000000,31NAA 66021 00000,--.--,--.--,0.0,0,0,--.--,--.--,,--.--,--.--,--.--,0,0,--.--,--.--,0,--.--,--.--,--.--,--.--,--.--,--.--,--.--,--.--,--.--,--.--,--.--,--.--,--.--,--.--,--.--,--.--,--.--,--.--,46.99,17.96,--.--,0,0,0.0,0.0,0.0,0,0,0,--.--,--.--,--.--
2023-08-26 08:19:17.049,-2.4,-0.6,275,0.0,0.0,0.0,0.0,0.0,0.000,-0.0,-0.1,0.0,0.000,-0.077,0.000,0.0,00:00:51,0.0,0,--.--,0,0.0,0,0000:00:00,18,0,0,50,50,0,0,3.33,0,0,0,17.04,-11.10,-170,--.--,100,--.--,--:--:--,1,-189.14,08:19:17,8/26/23,--.--,--.--,--.--,--.--,--.--,--.--,--.--,--.--,--.--,4.08,--.--,120.00,0,0.000,0.000,0.000,0.000,0.000,0.000,0.000,0.000,0.000,0.000,0.000,0.000,false,false,false,false,false,false,false,false,false,false,false,false,--.--,--.--,--.--,--.--,--.--,--.--,--.--,--.--,0.0000000,0.0000000,31NAA 66021 00000,--.--,--.--,0.0,0,0,--.--,--.--,,--.--,--.--,--.--,0,0,--.--,--.--,0,--.--,--.--,--.--,--.--,--.--,--.--,--.--,--.--,--.--,--.--,--.--,--.--,--.--,--.--,--.--,--.--,--.--,--.--,46.99,17.98,--.--,0,0,0.0,0.0,0.0,0,0,0,--.--,--.--,--.--
2023-08-26 08:19:18.047,-2.4,-0.6,275,0.0,0.0,0.0,0.0,0.0,0.000,-0.0,-0.1,0.0,0.000,-0.078,0.000,0.0,00:00:51,0.0,0,--.--,0,0.0,0,0000:00:00,18,0,0,50,50,0,0,4.91,0,0,0,17.07,-11.21,-173,--.--,100,--.--,--:--:--,1,-191.30,08:19:18,8/26/23,--.--,--.--,--.--,--.--,--.--,--.--,--.--,--.--,--.--,4.94,--.--,120.00,0,0.000,0.000,0.000,0.000,0.000,0.000,0.000,0.000,0.000,0.000,0.000,0.000,false,false,false,false,false,false,false,false,false,false,false,false,--.--,--.--,--.--,--.--,--.--,--.--,--.--,--.--,0.0000000,0.0000000,31NAA 66021 00000,--.--,--.--,0.0,0,0,--.--,--.--,,--.--,--.--,--.--,0,0,--.--,--.--,0,--.--,--.--,--.--,--.--,--.--,--.--,--.--,--.--,--.--,--.--,--.--,--.--,--.--,--.--,--.--,--.--,--.--,--.--,47.00,17.98,--.--,0,0,0.0,0.0,0.0,0,0,0,--.--,--.--,--.--
2023-08-26 08:19:19.044,-2.5,-0.6,276,0.0,0.0,0.0,0.0,0.0,0.000,-0.0,-0.1,0.0,0.000,-0.078,0.000,0.0,00:00:51,0.0,0,--.--,0,0.0,0,0000:00:00,18,0,0,50,50,0,0,3.78,0,0,0,17.07,-11.15,-176,--.--,100,--.--,--:--:--,1,-190.30,08:19:19,8/26/23,--.--,--.--,--.--,--.--,--.--,--.--,--.--,--.--,--.--,3.65,--.--,120.00,0,0.000,0.000,0.000,0.000,0.000,0.000,0.000,0.000,0.000,0.000,0.000,0.000,false,false,false,false,false,false,false,false,false,false,false,false,--.--,--.--,--.--,--.--,--.--,--.--,--.--,--.--,0.0000000,0.0000000,31NAA 66021 00000,--.--,--.--,0.0,0,0,--.--,--.--,,--.--,--.--,--.--,0,0,--.--,--.--,0,--.--,--.--,--.--,--.--,--.--,--.--,--.--,--.--,--.--,--.--,--.--,--.--,--.--,--.--,--.--,--.--,--.--,--.--,47.00,17.98,--.--,0,0,0.0,0.0,0.0,0,0,0,--.--,--.--,--.--
2023-08-26 08:19:20.051,-2.5,-0.6,276,0.0,0.0,0.0,0.0,0.0,0.000,-0.0,-0.1,0.0,0.000,-0.078,0.000,0.0,00:00:51,0.0,0,--.--,0,0.0,0,0000:00:00,18,0,0,50,50,0,0,3.23,0,0,0,17.06,-11.17,-180,--.--,100,--.--,--:--:--,1,-190.58,08:19:20,8/26/23,--.--,--.--,--.--,--.--,--.--,--.--,--.--,--.--,--.--,3.26,--.--,120.00,0,0.000,0.000,0.000,0.000,0.000,0.000,0.000,0.000,0.000,0.000,0.000,0.000,false,false,false,false,false,false,false,false,false,false,false,false,--.--,--.--,--.--,--.--,--.--,--.--,--.--,--.--,0.0000000,0.0000000,31NAA 66021 00000,--.--,--.--,0.0,0,0,--.--,--.--,,--.--,--.--,--.--,0,0,--.--,--.--,0,--.--,--.--,--.--,--.--,--.--,--.--,--.--,--.--,--.--,--.--,--.--,--.--,--.--,--.--,--.--,--.--,--.--,--.--,47.00,17.98,--.--,0,0,0.0,0.0,0.0,0,0,0,--.--,--.--,--.--
2023-08-26 08:19:21.059,-2.5,-0.6,276,0.0,0.0,0.0,0.0,0.0,0.000,0.0,-0.1,0.0,0.000,-0.076,0.000,0.0,00:00:51,0.0,0,--.--,0,0.0,0,0000:00:00,18,0,0,50,50,0,0,3.75,0,0,0,17.04,-11.20,-183,--.--,100,--.--,--:--:--,1,-190.88,08:19:21,8/26/23,--.--,--.--,--.--,--.--,--.--,--.--,--.--,--.--,--.--,4.14,--.--,120.00,0,0.000,0.000,0.000,0.000,0.000,0.000,0.000,0.000,0.000,0.000,0.000,0.000,false,false,false,false,false,false,false,false,false,false,false,false,--.--,--.--,--.--,--.--,--.--,--.--,--.--,--.--,0.0000000,0.0000000,31NAA 66021 00000,--.--,--.--,0.0,0,0,--.--,--.--,,--.--,--.--,--.--,0,0,--.--,--.--,0,--.--,--.--,--.--,--.--,--.--,--.--,--.--,--.--,--.--,--.--,--.--,--.--,--.--,--.--,--.--,--.--,--.--,--.--,47.01,17.98,--.--,0,0,0.0,0.0,0.0,0,0,0,--.--,--.--,--.--
2023-08-26 08:19:22.045,-2.5,-0.6,276,0.0,0.0,0.0,0.0,0.0,0.000,0.0,-0.1,0.0,0.000,-0.076,0.000,0.0,00:00:51,0.0,0,--.--,0,0.0,0,0000:00:00,18,0,0,50,50,0,0,4.62,0,0,0,17.07,-11.19,-186,--.--,100,--.--,--:--:--,1,-191.00,08:19:22,8/26/23,--.--,--.--,--.--,--.--,--.--,--.--,--.--,--.--,--.--,0.80,--.--,120.00,0,0.000,0.000,0.000,0.000,0.000,0.000,0.000,0.000,0.000,0.000,0.000,0.000,false,false,false,false,false,false,false,false,false,false,false,false,--.--,--.--,--.--,--.--,--.--,--.--,--.--,--.--,0.0000000,0.0000000,31NAA 66021 00000,--.--,--.--,0.0,0,0,--.--,--.--,,--.--,--.--,--.--,0,0,--.--,--.--,0,--.--,--.--,--.--,--.--,--.--,--.--,--.--,--.--,--.--,--.--,--.--,--.--,--.--,--.--,--.--,--.--,--.--,--.--,47.02,17.98,--.--,0,0,0.0,0.0,0.0,0,0,0,--.--,--.--,--.--
2023-08-26 08:19:23.051,-2.5,-0.6,276,0.0,0.0,0.0,0.0,0.0,0.000,-0.0,-0.1,0.0,0.000,-0.076,0.000,0.0,00:00:51,0.0,0,--.--,0,0.0,0,0000:00:00,18,0,0,50,50,0,0,0.00,0,0,0,17.05,-11.17,-189,--.--,100,--.--,--:--:--,1,-190.50,08:19:23,8/26/23,--.--,--.--,--.--,--.--,--.--,--.--,--.--,--.--,--.--,0.97,--.--,120.00,0,0.000,0.000,0.000,0.000,0.000,0.000,0.000,0.000,0.000,0.000,0.000,0.000,false,false,false,false,false,false,false,false,false,false,false,false,--.--,--.--,--.--,--.--,--.--,--.--,--.--,--.--,0.0000000,0.0000000,31NAA 66021 00000,--.--,--.--,0.0,0,0,--.--,--.--,,--.--,--.--,--.--,0,0,--.--,--.--,0,--.--,--.--,--.--,--.--,--.--,--.--,--.--,--.--,--.--,--.--,--.--,--.--,--.--,--.--,--.--,--.--,--.--,--.--,47.02,17.99,--.--,0,0,0.0,0.0,0.0,0,0,0,--.--,--.--,--.--
2023-08-26 08:19:24.049,-2.5,-0.6,276,0.0,0.0,0.0,0.0,0.0,0.000,-0.0,-0.1,0.0,0.000,-0.076,0.000,0.0,00:00:51,0.0,0,--.--,0,0.0,0,0000:00:00,18,0,0,50,50,0,0,0.00,0,0,0,17.07,-11.16,-192,--.--,100,--.--,--:--:--,1,-190.49,08:19:24,8/26/23,--.--,--.--,--.--,--.--,--.--,--.--,--.--,--.--,--.--,1.24,--.--,120.00,0,0.000,0.000,0.000,0.000,0.000,0.000,0.000,0.000,0.000,0.000,0.000,0.000,false,false,false,false,false,false,false,false,false,false,false,false,--.--,--.--,--.--,--.--,--.--,--.--,--.--,--.--,0.0000000,0.0000000,31NAA 66021 00000,--.--,--.--,0.0,0,0,--.--,--.--,,--.--,--.--,--.--,0,0,--.--,--.--,0,--.--,--.--,--.--,--.--,--.--,--.--,--.--,--.--,--.--,--.--,--.--,--.--,--.--,--.--,--.--,--.--,--.--,--.--,47.02,17.99,--.--,0,0,0.0,0.0,0.0,0,0,0,--.--,--.--,--.--
2023-08-26 08:19:25.050,-2.5,-0.6,276,0.0,0.0,0.0,0.0,0.0,0.000,-0.0,-0.1,0.0,0.000,-0.077,0.000,0.0,00:00:51,0.0,0,--.--,0,0.0,0,0000:00:00,18,0,0,50,50,0,0,0.00,0,0,0,17.07,-11.18,-195,--.--,100,--.--,--:--:--,1,-190.89,08:19:25,8/26/23,--.--,--.--,--.--,--.--,--.--,--.--,--.--,--.--,--.--,1.52,--.--,120.00,0,0.000,0.000,0.000,0.000,0.000,0.000,0.000,0.000,0.000,0.000,0.000,0.000,false,false,false,false,false,false,false,false,false,false,false,false,--.--,--.--,--.--,--.--,--.--,--.--,--.--,--.--,0.0000000,0.0000000,31NAA 66021 00000,--.--,--.--,0.0,0,0,--.--,--.--,,--.--,--.--,--.--,0,0,--.--,--.--,0,--.--,--.--,--.--,--.--,--.--,--.--,--.--,--.--,--.--,--.--,--.--,--.--,--.--,--.--,--.--,--.--,--.--,--.--,47.03,17.99,--.--,0,0,0.0,0.0,0.0,0,0,0,--.--,--.--,--.--
2023-08-26 08:19:26.046,-2.5,-0.6,276,0.0,0.0,0.0,0.0,0.0,0.000,0.0,-0.1,0.0,0.000,-0.075,0.000,0.0,00:00:51,0.0,0,--.--,0,0.0,0,0000:00:00,18,0,0,50,50,0,0,0.00,0,0,0,17.06,-11.15,-198,--.--,100,--.--,--:--:--,1,-190.20,08:19:26,8/26/23,--.--,--.--,--.--,--.--,--.--,--.--,--.--,--.--,--.--,2.10,--.--,120.00,0,0.000,0.000,0.000,0.000,0.000,0.000,0.000,0.000,0.000,0.000,0.000,0.000,false,false,false,false,false,false,false,false,false,false,false,false,--.--,--.--,--.--,--.--,--.--,--.--,--.--,--.--,0.0000000,0.0000000,31NAA 66021 00000,--.--,--.--,0.0,0,0,--.--,--.--,,--.--,--.--,--.--,0,0,--.--,--.--,0,--.--,--.--,--.--,--.--,--.--,--.--,--.--,--.--,--.--,--.--,--.--,--.--,--.--,--.--,--.--,--.--,--.--,--.--,47.03,17.99,--.--,0,0,0.0,0.0,0.0,0,0,0,--.--,--.--,--.--
2023-08-26 08:19:27.045,-2.5,-0.6,276,0.0,0.0,0.0,0.0,0.0,0.000,0.0,-0.1,0.0,0.000,-0.074,0.000,0.0,00:00:51,0.0,0,--.--,0,0.0,0,0000:00:00,18,0,0,50,50,0,0,0.00,0,0,0,17.06,-11.14,-201,--.--,100,--.--,--:--:--,1,-190.07,08:19:27,8/26/23,--.--,--.--,--.--,--.--,--.--,--.--,--.--,--.--,--.--,2.87,--.--,120.00,0,0.000,0.000,0.000,0.000,0.000,0.000,0.000,0.000,0.000,0.000,0.000,0.000,false,false,false,false,false,false,false,false,false,false,false,false,--.--,--.--,--.--,--.--,--.--,--.--,--.--,--.--,0.0000000,0.0000000,31NAA 66021 00000,--.--,--.--,0.0,0,0,--.--,--.--,,--.--,--.--,--.--,0,0,--.--,--.--,0,--.--,--.--,--.--,--.--,--.--,--.--,--.--,--.--,--.--,--.--,--.--,--.--,--.--,--.--,--.--,--.--,--.--,--.--,47.03,17.99,--.--,0,0,0.0,0.0,0.0,0,0,0,--.--,--.--,--.--
2023-08-26 08:19:28.071,-2.5,-0.6,277,0.0,0.0,0.0,0.0,0.0,0.000,0.0,-0.1,0.0,0.000,-0.075,0.000,0.0,00:00:51,0.0,0,--.--,0,0.0,0,0000:00:00,18,0,0,50,50,0,0,0.00,0,0,0,17.06,-11.16,-204,--.--,100,--.--,--:--:--,1,-190.40,08:19:28,8/26/23,--.--,--.--,--.--,--.--,--.--,--.--,--.--,--.--,--.--,0.91,--.--,120.00,0,0.000,0.000,0.000,0.000,0.000,0.000,0.000,0.000,0.000,0.000,0.000,0.000,false,false,false,false,false,false,false,false,false,false,false,false,--.--,--.--,--.--,--.--,--.--,--.--,--.--,--.--,0.0000000,0.0000000,31NAA 66021 00000,--.--,--.--,0.0,0,0,--.--,--.--,,--.--,--.--,--.--,0,0,--.--,--.--,0,--.--,--.--,--.--,--.--,--.--,--.--,--.--,--.--,--.--,--.--,--.--,--.--,--.--,--.--,--.--,--.--,--.--,--.--,47.03,18.00,--.--,0,0,0.0,0.0,0.0,0,0,0,--.--,--.--,--.--
2023-08-26 08:19:29.043,-2.5,-0.6,277,0.0,0.0,0.0,0.0,0.0,0.000,-0.0,-0.1,0.0,0.000,-0.076,0.000,0.0,00:00:51,0.0,0,--.--,0,0.0,0,0000:00:00,18,0,0,50,50,0,0,0.00,0,0,0,17.06,-11.20,-207,--.--,100,--.--,--:--:--,1,-191.06,08:19:29,8/26/23,--.--,--.--,--.--,--.--,--.--,--.--,--.--,--.--,--.--,1.16,--.--,120.00,0,0.000,0.000,0.000,0.000,0.000,0.000,0.000,0.000,0.000,0.000,0.000,0.000,false,false,false,false,false,false,false,false,false,false,false,false,--.--,--.--,--.--,--.--,--.--,--.--,--.--,--.--,0.0000000,0.0000000,31NAA 66021 00000,--.--,--.--,0.0,0,0,--.--,--.--,,--.--,--.--,--.--,0,0,--.--,--.--,0,--.--,--.--,--.--,--.--,--.--,--.--,--.--,--.--,--.--,--.--,--.--,--.--,--.--,--.--,--.--,--.--,--.--,--.--,47.03,18.00,--.--,0,0,0.0,0.0,0.0,0,0,0,--.--,--.--,--.--
